Date,game_name,team_name,Player_Id,shift_number,period,start_clock,end_clock,shift_length
11/15/2024,2024-11-15 - Team D at Team C,Team D,Go,3,3,20:00,2:30,17:30
11/15/2024,2024-11-15 - Team D at Team C,Team D,47,22,3,20:00,18:59,1:01
11/15/2024,2024-11-15 - Team D at Team C,Team C,62,21,3,20:00,19:10,0:50
11/15/2024,2024-11-15 - Team D at Team C,Team C,91,23,3,20:00,19:10,0:50
11/15/2024,2024-11-15 - Team D at Team C,Team C,55,24,3,20:00,19:10,0:50
11/15/2024,2024-11-15 - Team D at Team C,Team C,26,19,3,20:00,19:12,0:48
11/15/2024,2024-11-15 - Team D at Team C,Team D,45,19,3,20:00,19:12,0:48
11/15/2024,2024-11-15 - Team D at Team C,Team D,4,23,3,20:00,19:12,0:48
11/15/2024,2024-11-15 - Team D at Team C,Team D,25,18,3,20:00,19:12,0:48
11/15/2024,2024-11-15 - Team D at Team C,Team D,27,20,3,20:00,19:16,0:44
11/15/2024,2024-11-15 - Team D at Team C,Team D,27,11,2,20:00,19:23,0:37
11/15/2024,2024-11-15 - Team D at Team C,Team D,45,10,2,20:00,19:23,0:37
11/15/2024,2024-11-15 - Team D at Team C,Team D,25,9,2,20:00,19:23,0:37
11/15/2024,2024-11-15 - Team D at Team C,Team D,4,11,2,20:00,19:23,0:37
11/15/2024,2024-11-15 - Team D at Team C,Team D,47,11,2,20:00,19:23,0:37
11/15/2024,2024-11-15 - Team D at Team C,Team C,91,10,2,20:00,19:23,0:37
11/15/2024,2024-11-15 - Team D at Team C,Team C,26,10,2,20:00,19:23,0:37
11/15/2024,2024-11-15 - Team D at Team C,Team C,55,10,2,20:00,19:23,0:37
11/15/2024,2024-11-15 - Team D at Team C,Team C,41,9,2,20:00,19:23,0:37
11/15/2024,2024-11-15 - Team D at Team C,Team C,41,23,3,20:00,19:30,0:30
11/15/2024,2024-11-15 - Team D at Team C,Team D,Go,2,2,20:00,0:00,20:00
11/15/2024,2024-11-15 - Team D at Team C,Team C,Go,2,2,20:00,0:00,20:00
11/15/2024,2024-11-15 - Team D at Team C,Team C,Go,3,3,20:00,0:00,20:00
11/15/2024,2024-11-15 - Team D at Team C,Team C,Go,1,1,20:00,0:00,20:00
11/15/2024,2024-11-15 - Team D at Team C,Team D,Go,1,1,20:00,0:00,20:00
11/15/2024,2024-11-15 - Team D at Team C,Team C,55,1,1,20:00,18:19,1:41
11/15/2024,2024-11-15 - Team D at Team C,Team C,62,1,1,20:00,19:03,0:57
11/15/2024,2024-11-15 - Team D at Team C,Team C,26,1,1,20:00,19:03,0:57
11/15/2024,2024-11-15 - Team D at Team C,Team C,41,1,1,20:00,19:05,0:55
11/15/2024,2024-11-15 - Team D at Team C,Team C,91,1,1,20:00,19:05,0:55
11/15/2024,2024-11-15 - Team D at Team C,Team D,27,1,1,20:00,19:06,0:54
11/15/2024,2024-11-15 - Team D at Team C,Team D,45,1,1,20:00,19:06,0:54
11/15/2024,2024-11-15 - Team D at Team C,Team D,25,1,1,20:00,19:06,0:54
11/15/2024,2024-11-15 - Team D at Team C,Team D,47,1,1,20:00,19:06,0:54
11/15/2024,2024-11-15 - Team D at Team C,Team D,4,1,1,20:00,19:06,0:54
11/15/2024,2024-11-15 - Team D at Team C,Team C,48,5,2,19:41,19:36,0:05
11/15/2024,2024-11-15 - Team D at Team C,Team C,62,10,2,19:36,19:23,0:13
11/15/2024,2024-11-15 - Team D at Team C,Team C,14,23,3,19:30,18:31,0:59
11/15/2024,2024-11-15 - Team D at Team C,Team D,44,13,2,19:23,18:04,1:19
11/15/2024,2024-11-15 - Team D at Team C,Team D,7,11,2,19:23,18:42,0:41
11/15/2024,2024-11-15 - Team D at Team C,Team D,14,7,2,19:23,18:42,0:41
11/15/2024,2024-11-15 - Team D at Team C,Team D,41,9,2,19:23,18:42,0:41
11/15/2024,2024-11-15 - Team D at Team C,Team C,70,8,2,19:23,18:45,0:38
11/15/2024,2024-11-15 - Team D at Team C,Team C,84,9,2,19:23,18:45,0:38
11/15/2024,2024-11-15 - Team D at Team C,Team C,46,10,2,19:23,18:45,0:38
11/15/2024,2024-11-15 - Team D at Team C,Team C,14,12,2,19:23,18:45,0:38
11/15/2024,2024-11-15 - Team D at Team C,Team D,18,19,3,19:16,18:31,0:45
11/15/2024,2024-11-15 - Team D at Team C,Team C,28,18,3,19:12,18:31,0:41
11/15/2024,2024-11-15 - Team D at Team C,Team D,14,15,3,19:12,18:31,0:41
11/15/2024,2024-11-15 - Team D at Team C,Team D,41,18,3,19:12,18:31,0:41
11/15/2024,2024-11-15 - Team D at Team C,Team D,44,25,3,19:12,18:31,0:41
11/15/2024,2024-11-15 - Team D at Team C,Team C,84,19,3,19:10,18:31,0:39
11/15/2024,2024-11-15 - Team D at Team C,Team C,70,18,3,19:10,18:31,0:39
11/15/2024,2024-11-15 - Team D at Team C,Team C,46,18,3,19:10,18:31,0:39
11/15/2024,2024-11-15 - Team D at Team C,Team D,44,1,1,19:06,18:04,1:02
11/15/2024,2024-11-15 - Team D at Team C,Team D,7,1,1,19:06,18:04,1:02
11/15/2024,2024-11-15 - Team D at Team C,Team D,18,1,1,19:06,18:17,0:49
11/15/2024,2024-11-15 - Team D at Team C,Team D,41,1,1,19:06,18:17,0:49
11/15/2024,2024-11-15 - Team D at Team C,Team D,14,1,1,19:06,18:25,0:41
11/15/2024,2024-11-15 - Team D at Team C,Team C,14,1,1,19:05,18:04,1:01
11/15/2024,2024-11-15 - Team D at Team C,Team C,70,1,1,19:05,18:19,0:46
11/15/2024,2024-11-15 - Team D at Team C,Team C,28,1,1,19:03,18:07,0:56
11/15/2024,2024-11-15 - Team D at Team C,Team C,84,1,1,19:03,18:19,0:44
11/15/2024,2024-11-15 - Team D at Team C,Team D,7,23,3,18:59,18:31,0:28
11/15/2024,2024-11-15 - Team D at Team C,Team C,62,11,2,18:45,18:04,0:41
11/15/2024,2024-11-15 - Team D at Team C,Team C,89,7,2,18:45,18:04,0:41
11/15/2024,2024-11-15 - Team D at Team C,Team C,41,10,2,18:45,18:04,0:41
11/15/2024,2024-11-15 - Team D at Team C,Team C,38,9,2,18:45,18:04,0:41
11/15/2024,2024-11-15 - Team D at Team C,Team D,28,9,2,18:42,18:04,0:38
11/15/2024,2024-11-15 - Team D at Team C,Team D,13,9,2,18:42,18:04,0:38
11/15/2024,2024-11-15 - Team D at Team C,Team D,47,12,2,18:42,18:04,0:38
11/15/2024,2024-11-15 - Team D at Team C,Team C,67,17,3,18:31,18:06,0:25
11/15/2024,2024-11-15 - Team D at Team C,Team C,89,14,3,18:31,18:06,0:25
11/15/2024,2024-11-15 - Team D at Team C,Team C,92,12,3,18:31,18:06,0:25
11/15/2024,2024-11-15 - Team D at Team C,Team C,46,19,3,18:31,18:06,0:25
11/15/2024,2024-11-15 - Team D at Team C,Team C,14,24,3,18:31,18:06,0:25
11/15/2024,2024-11-15 - Team D at Team C,Team D,13,17,3,18:31,18:06,0:25
11/15/2024,2024-11-15 - Team D at Team C,Team D,19,17,3,18:31,18:06,0:25
11/15/2024,2024-11-15 - Team D at Team C,Team D,2,20,3,18:31,18:06,0:25
11/15/2024,2024-11-15 - Team D at Team C,Team D,23,19,3,18:31,18:06,0:25
11/15/2024,2024-11-15 - Team D at Team C,Team D,28,17,3,18:31,18:16,0:15
11/15/2024,2024-11-15 - Team D at Team C,Team D,13,1,1,18:25,18:04,0:21
11/15/2024,2024-11-15 - Team D at Team C,Team C,67,1,1,18:19,18:04,0:15
11/15/2024,2024-11-15 - Team D at Team C,Team C,89,1,1,18:19,18:04,0:15
11/15/2024,2024-11-15 - Team D at Team C,Team C,46,1,1,18:19,18:04,0:15
11/15/2024,2024-11-15 - Team D at Team C,Team D,28,1,1,18:17,18:04,0:13
11/15/2024,2024-11-15 - Team D at Team C,Team D,19,1,1,18:17,18:04,0:13
11/15/2024,2024-11-15 - Team D at Team C,Team D,49,10,3,18:16,18:06,0:10
11/15/2024,2024-11-15 - Team D at Team C,Team C,92,1,1,18:07,18:04,0:03
11/15/2024,2024-11-15 - Team D at Team C,Team C,90,14,3,18:06,17:39,0:27
11/15/2024,2024-11-15 - Team D at Team C,Team C,12,14,3,18:06,17:39,0:27
11/15/2024,2024-11-15 - Team D at Team C,Team C,63,15,3,18:06,17:39,0:27
11/15/2024,2024-11-15 - Team D at Team C,Team C,48,15,3,18:06,17:39,0:27
11/15/2024,2024-11-15 - Team D at Team C,Team C,38,21,3,18:06,17:39,0:27
11/15/2024,2024-11-15 - Team D at Team C,Team D,49,11,3,18:06,17:39,0:27
11/15/2024,2024-11-15 - Team D at Team C,Team D,37,12,3,18:06,17:39,0:27
11/15/2024,2024-11-15 - Team D at Team C,Team D,20,11,3,18:06,17:39,0:27
11/15/2024,2024-11-15 - Team D at Team C,Team D,2,21,3,18:06,17:39,0:27
11/15/2024,2024-11-15 - Team D at Team C,Team D,23,20,3,18:06,17:39,0:27
11/15/2024,2024-11-15 - Team D at Team C,Team D,18,10,2,18:04,17:27,0:37
11/15/2024,2024-11-15 - Team D at Team C,Team D,19,9,2,18:04,17:27,0:37
11/15/2024,2024-11-15 - Team D at Team C,Team D,4,12,2,18:04,17:27,0:37
11/15/2024,2024-11-15 - Team D at Team C,Team D,23,10,2,18:04,17:27,0:37
11/15/2024,2024-11-15 - Team D at Team C,Team C,91,11,2,18:04,17:27,0:37
11/15/2024,2024-11-15 - Team D at Team C,Team C,28,8,2,18:04,17:27,0:37
11/15/2024,2024-11-15 - Team D at Team C,Team C,14,13,2,18:04,17:27,0:37
11/15/2024,2024-11-15 - Team D at Team C,Team C,38,10,2,18:04,17:27,0:37
11/15/2024,2024-11-15 - Team D at Team C,Team C,62,2,1,18:04,17:45,0:19
11/15/2024,2024-11-15 - Team D at Team C,Team C,91,2,1,18:04,17:45,0:19
11/15/2024,2024-11-15 - Team D at Team C,Team C,26,2,1,18:04,17:45,0:19
11/15/2024,2024-11-15 - Team D at Team C,Team C,70,2,1,18:04,17:45,0:19
11/15/2024,2024-11-15 - Team D at Team C,Team C,55,2,1,18:04,17:45,0:19
11/15/2024,2024-11-15 - Team D at Team C,Team D,27,2,1,18:04,17:45,0:19
11/15/2024,2024-11-15 - Team D at Team C,Team D,18,2,1,18:04,17:45,0:19
11/15/2024,2024-11-15 - Team D at Team C,Team D,47,2,1,18:04,17:45,0:19
11/15/2024,2024-11-15 - Team D at Team C,Team D,2,1,1,18:04,17:45,0:19
11/15/2024,2024-11-15 - Team D at Team C,Team C,62,3,1,17:45,17:37,0:08
11/15/2024,2024-11-15 - Team D at Team C,Team C,91,3,1,17:45,17:37,0:08
11/15/2024,2024-11-15 - Team D at Team C,Team C,26,3,1,17:45,17:37,0:08
11/15/2024,2024-11-15 - Team D at Team C,Team C,55,3,1,17:45,17:37,0:08
11/15/2024,2024-11-15 - Team D at Team C,Team C,14,2,1,17:45,17:37,0:08
11/15/2024,2024-11-15 - Team D at Team C,Team D,37,1,1,17:45,17:37,0:08
11/15/2024,2024-11-15 - Team D at Team C,Team D,7,2,1,17:45,17:37,0:08
11/15/2024,2024-11-15 - Team D at Team C,Team D,44,2,1,17:45,17:37,0:08
11/15/2024,2024-11-15 - Team D at Team C,Team C,62,22,3,17:39,16:48,0:51
11/15/2024,2024-11-15 - Team D at Team C,Team C,91,24,3,17:39,16:48,0:51
11/15/2024,2024-11-15 - Team D at Team C,Team C,26,20,3,17:39,16:48,0:51
11/15/2024,2024-11-15 - Team D at Team C,Team C,55,25,3,17:39,16:48,0:51
11/15/2024,2024-11-15 - Team D at Team C,Team C,41,24,3,17:39,16:48,0:51
11/15/2024,2024-11-15 - Team D at Team C,Team D,25,19,3,17:39,17:05,0:34
11/15/2024,2024-11-15 - Team D at Team C,Team D,27,21,3,17:39,17:14,0:25
11/15/2024,2024-11-15 - Team D at Team C,Team D,45,20,3,17:39,17:14,0:25
11/15/2024,2024-11-15 - Team D at Team C,Team D,47,23,3,17:39,17:14,0:25
11/15/2024,2024-11-15 - Team D at Team C,Team D,4,24,3,17:39,17:14,0:25
11/15/2024,2024-11-15 - Team D at Team C,Team C,14,3,1,17:37,16:23,1:14
11/15/2024,2024-11-15 - Team D at Team C,Team C,28,2,1,17:37,16:23,1:14
11/15/2024,2024-11-15 - Team D at Team C,Team C,92,2,1,17:37,16:23,1:14
11/15/2024,2024-11-15 - Team D at Team C,Team C,89,2,1,17:37,16:23,1:14
11/15/2024,2024-11-15 - Team D at Team C,Team C,84,2,1,17:37,16:23,1:14
11/15/2024,2024-11-15 - Team D at Team C,Team D,45,2,1,17:37,16:33,1:04
11/15/2024,2024-11-15 - Team D at Team C,Team D,41,2,1,17:37,16:33,1:04
11/15/2024,2024-11-15 - Team D at Team C,Team D,7,3,1,17:37,16:33,1:04
11/15/2024,2024-11-15 - Team D at Team C,Team D,44,3,1,17:37,16:33,1:04
11/15/2024,2024-11-15 - Team D at Team C,Team D,23,11,2,17:27,16:01,1:26
11/15/2024,2024-11-15 - Team D at Team C,Team D,27,12,2,17:27,16:17,1:10
11/15/2024,2024-11-15 - Team D at Team C,Team D,25,10,2,17:27,16:17,1:10
11/15/2024,2024-11-15 - Team D at Team C,Team D,7,12,2,17:27,16:46,0:41
11/15/2024,2024-11-15 - Team D at Team C,Team C,28,9,2,17:27,16:56,0:31
11/15/2024,2024-11-15 - Team D at Team C,Team C,91,12,2,17:27,16:56,0:31
11/15/2024,2024-11-15 - Team D at Team C,Team C,14,14,2,17:27,16:56,0:31
11/15/2024,2024-11-15 - Team D at Team C,Team C,38,11,2,17:27,16:56,0:31
11/15/2024,2024-11-15 - Team D at Team C,Team D,45,11,2,17:23,16:46,0:37
11/15/2024,2024-11-15 - Team D at Team C,Team C,55,11,2,17:23,17:13,0:10
11/15/2024,2024-11-15 - Team D at Team C,Team D,18,20,3,17:14,16:48,0:26
11/15/2024,2024-11-15 - Team D at Team C,Team D,14,16,3,17:14,16:48,0:26
11/15/2024,2024-11-15 - Team D at Team C,Team D,44,26,3,17:14,16:48,0:26
11/15/2024,2024-11-15 - Team D at Team C,Team D,7,24,3,17:14,16:48,0:26
11/15/2024,2024-11-15 - Team D at Team C,Team C,67,9,2,17:13,16:11,1:02
11/15/2024,2024-11-15 - Team D at Team C,Team D,41,19,3,17:05,16:48,0:17
11/15/2024,2024-11-15 - Team D at Team C,Team C,89,8,2,16:56,16:01,0:55
11/15/2024,2024-11-15 - Team D at Team C,Team C,55,12,2,16:56,16:01,0:55
11/15/2024,2024-11-15 - Team D at Team C,Team C,41,11,2,16:56,16:01,0:55
11/15/2024,2024-11-15 - Team D at Team C,Team C,92,7,2,16:56,16:07,0:49
11/15/2024,2024-11-15 - Team D at Team C,Team C,14,25,3,16:48,15:36,1:12
11/15/2024,2024-11-15 - Team D at Team C,Team D,19,18,3,16:48,15:45,1:03
11/15/2024,2024-11-15 - Team D at Team C,Team D,13,18,3,16:48,15:45,1:03
11/15/2024,2024-11-15 - Team D at Team C,Team C,84,20,3,16:48,15:48,1:00
11/15/2024,2024-11-15 - Team D at Team C,Team C,28,19,3,16:48,15:48,1:00
11/15/2024,2024-11-15 - Team D at Team C,Team D,28,18,3,16:48,15:50,0:58
11/15/2024,2024-11-15 - Team D at Team C,Team C,70,19,3,16:48,16:07,0:41
11/15/2024,2024-11-15 - Team D at Team C,Team C,46,20,3,16:48,16:07,0:41
11/15/2024,2024-11-15 - Team D at Team C,Team D,7,25,3,16:48,16:13,0:35
11/15/2024,2024-11-15 - Team D at Team C,Team D,44,27,3,16:48,16:13,0:35
11/15/2024,2024-11-15 - Team D at Team C,Team D,37,6,2,16:46,16:01,0:45
11/15/2024,2024-11-15 - Team D at Team C,Team D,2,10,2,16:46,16:01,0:45
11/15/2024,2024-11-15 - Team D at Team C,Team D,27,3,1,16:33,15:58,0:35
11/15/2024,2024-11-15 - Team D at Team C,Team D,18,3,1,16:33,15:58,0:35
11/15/2024,2024-11-15 - Team D at Team C,Team D,4,2,1,16:33,16:22,0:11
11/15/2024,2024-11-15 - Team D at Team C,Team D,23,1,1,16:33,16:22,0:11
11/15/2024,2024-11-15 - Team D at Team C,Team C,55,4,1,16:23,15:06,1:17
11/15/2024,2024-11-15 - Team D at Team C,Team C,91,4,1,16:23,15:22,1:01
11/15/2024,2024-11-15 - Team D at Team C,Team C,26,4,1,16:23,15:25,0:58
11/15/2024,2024-11-15 - Team D at Team C,Team C,62,4,1,16:23,15:35,0:48
11/15/2024,2024-11-15 - Team D at Team C,Team C,70,3,1,16:23,15:51,0:32
11/15/2024,2024-11-15 - Team D at Team C,Team D,7,4,1,16:22,15:58,0:24
11/15/2024,2024-11-15 - Team D at Team C,Team D,47,3,1,16:22,15:58,0:24
11/15/2024,2024-11-15 - Team D at Team C,Team D,49,4,2,16:17,16:01,0:16
11/15/2024,2024-11-15 - Team D at Team C,Team D,20,5,2,16:17,16:01,0:16
11/15/2024,2024-11-15 - Team D at Team C,Team D,2,22,3,16:13,15:08,1:05
11/15/2024,2024-11-15 - Team D at Team C,Team D,23,21,3,16:13,15:08,1:05
11/15/2024,2024-11-15 - Team D at Team C,Team C,90,8,2,16:11,16:01,0:10
11/15/2024,2024-11-15 - Team D at Team C,Team C,12,15,3,16:07,15:00,1:07
11/15/2024,2024-11-15 - Team D at Team C,Team C,48,16,3,16:07,15:00,1:07
11/15/2024,2024-11-15 - Team D at Team C,Team C,63,7,2,16:07,16:01,0:06
11/15/2024,2024-11-15 - Team D at Team C,Team D,49,5,2,16:01,15:47,0:14
11/15/2024,2024-11-15 - Team D at Team C,Team D,37,7,2,16:01,15:47,0:14
11/15/2024,2024-11-15 - Team D at Team C,Team D,20,6,2,16:01,15:47,0:14
11/15/2024,2024-11-15 - Team D at Team C,Team D,44,14,2,16:01,15:47,0:14
11/15/2024,2024-11-15 - Team D at Team C,Team D,4,13,2,16:01,15:47,0:14
11/15/2024,2024-11-15 - Team D at Team C,Team C,90,9,2,16:01,15:47,0:14
11/15/2024,2024-11-15 - Team D at Team C,Team C,12,7,2,16:01,15:47,0:14
11/15/2024,2024-11-15 - Team D at Team C,Team C,63,8,2,16:01,15:47,0:14
11/15/2024,2024-11-15 - Team D at Team C,Team C,48,6,2,16:01,15:47,0:14
11/15/2024,2024-11-15 - Team D at Team C,Team C,38,12,2,16:01,15:47,0:14
11/15/2024,2024-11-15 - Team D at Team C,Team D,28,2,1,15:58,15:06,0:52
11/15/2024,2024-11-15 - Team D at Team C,Team D,13,2,1,15:58,15:06,0:52
11/15/2024,2024-11-15 - Team D at Team C,Team D,44,4,1,15:58,15:36,0:22
11/15/2024,2024-11-15 - Team D at Team C,Team D,23,2,1,15:58,15:36,0:22
11/15/2024,2024-11-15 - Team D at Team C,Team C,38,1,1,15:51,15:06,0:45
11/15/2024,2024-11-15 - Team D at Team C,Team D,49,12,3,15:50,15:06,0:44
11/15/2024,2024-11-15 - Team D at Team C,Team C,92,13,3,15:48,15:09,0:39
11/15/2024,2024-11-15 - Team D at Team C,Team C,67,18,3,15:48,15:09,0:39
11/15/2024,2024-11-15 - Team D at Team C,Team D,47,13,2,15:47,14:39,1:08
11/15/2024,2024-11-15 - Team D at Team C,Team D,4,14,2,15:47,14:39,1:08
11/15/2024,2024-11-15 - Team D at Team C,Team D,41,10,2,15:47,14:44,1:03
11/15/2024,2024-11-15 - Team D at Team C,Team D,14,8,2,15:47,14:44,1:03
11/15/2024,2024-11-15 - Team D at Team C,Team C,12,8,2,15:47,14:55,0:52
11/15/2024,2024-11-15 - Team D at Team C,Team C,38,13,2,15:47,14:55,0:52
11/15/2024,2024-11-15 - Team D at Team C,Team C,48,7,2,15:47,14:55,0:52
11/15/2024,2024-11-15 - Team D at Team C,Team C,90,10,2,15:47,14:56,0:51
11/15/2024,2024-11-15 - Team D at Team C,Team C,63,9,2,15:47,15:02,0:45
11/15/2024,2024-11-15 - Team D at Team C,Team D,18,11,2,15:47,15:02,0:45
11/15/2024,2024-11-15 - Team D at Team C,Team D,37,13,3,15:45,15:00,0:45
11/15/2024,2024-11-15 - Team D at Team C,Team D,20,12,3,15:45,15:00,0:45
11/15/2024,2024-11-15 - Team D at Team C,Team D,2,2,1,15:45,15:36,0:09
11/15/2024,2024-11-15 - Team D at Team C,Team C,38,22,3,15:36,15:00,0:36
11/15/2024,2024-11-15 - Team D at Team C,Team D,19,2,1,15:36,15:06,0:30
11/15/2024,2024-11-15 - Team D at Team C,Team D,4,3,1,15:36,15:06,0:30
11/15/2024,2024-11-15 - Team D at Team C,Team D,47,4,1,15:36,15:06,0:30
11/15/2024,2024-11-15 - Team D at Team C,Team C,90,1,1,15:35,15:06,0:29
11/15/2024,2024-11-15 - Team D at Team C,Team C,63,1,1,15:25,15:06,0:19
11/15/2024,2024-11-15 - Team D at Team C,Team C,12,1,1,15:22,15:06,0:16
11/15/2024,2024-11-15 - Team D at Team C,Team C,62,23,3,15:09,15:00,0:09
11/15/2024,2024-11-15 - Team D at Team C,Team C,26,21,3,15:09,15:00,0:09
11/15/2024,2024-11-15 - Team D at Team C,Team D,44,28,3,15:08,15:00,0:08
11/15/2024,2024-11-15 - Team D at Team C,Team D,4,25,3,15:08,15:00,0:08
11/15/2024,2024-11-15 - Team D at Team C,Team C,12,2,1,15:06,14:24,0:42
11/15/2024,2024-11-15 - Team D at Team C,Team C,63,2,1,15:06,14:24,0:42
11/15/2024,2024-11-15 - Team D at Team C,Team C,38,2,1,15:06,14:24,0:42
11/15/2024,2024-11-15 - Team D at Team C,Team C,48,1,1,15:06,14:24,0:42
11/15/2024,2024-11-15 - Team D at Team C,Team D,13,3,1,15:06,14:25,0:41
11/15/2024,2024-11-15 - Team D at Team C,Team D,19,3,1,15:06,14:25,0:41
11/15/2024,2024-11-15 - Team D at Team C,Team D,28,3,1,15:06,14:36,0:30
11/15/2024,2024-11-15 - Team D at Team C,Team D,23,3,1,15:06,14:36,0:30
11/15/2024,2024-11-15 - Team D at Team C,Team D,2,3,1,15:06,14:36,0:30
11/15/2024,2024-11-15 - Team D at Team C,Team C,90,2,1,15:06,14:43,0:23
11/15/2024,2024-11-15 - Team D at Team C,Team D,27,22,3,15:06,15:00,0:06
11/15/2024,2024-11-15 - Team D at Team C,Team C,26,11,2,15:02,13:54,1:08
11/15/2024,2024-11-15 - Team D at Team C,Team D,28,10,2,15:02,13:55,1:07
11/15/2024,2024-11-15 - Team D at Team C,Team C,26,22,3,15:00,13:41,1:19
11/15/2024,2024-11-15 - Team D at Team C,Team C,70,20,3,15:00,13:41,1:19
11/15/2024,2024-11-15 - Team D at Team C,Team C,55,26,3,15:00,13:41,1:19
11/15/2024,2024-11-15 - Team D at Team C,Team C,91,25,3,15:00,13:47,1:13
11/15/2024,2024-11-15 - Team D at Team C,Team C,28,20,3,15:00,13:56,1:04
11/15/2024,2024-11-15 - Team D at Team C,Team D,45,21,3,15:00,14:26,0:34
11/15/2024,2024-11-15 - Team D at Team C,Team D,41,20,3,15:00,14:34,0:26
11/15/2024,2024-11-15 - Team D at Team C,Team D,2,23,3,15:00,14:34,0:26
11/15/2024,2024-11-15 - Team D at Team C,Team D,47,24,3,15:00,14:34,0:26
11/15/2024,2024-11-15 - Team D at Team C,Team C,62,12,2,14:56,13:54,1:02
11/15/2024,2024-11-15 - Team D at Team C,Team C,91,13,2,14:55,13:51,1:04
11/15/2024,2024-11-15 - Team D at Team C,Team C,46,11,2,14:55,13:54,1:01
11/15/2024,2024-11-15 - Team D at Team C,Team C,14,15,2,14:55,14:08,0:47
11/15/2024,2024-11-15 - Team D at Team C,Team D,13,10,2,14:44,13:55,0:49
11/15/2024,2024-11-15 - Team D at Team C,Team D,19,10,2,14:44,13:55,0:49
11/15/2024,2024-11-15 - Team D at Team C,Team C,67,2,1,14:43,13:42,1:01
11/15/2024,2024-11-15 - Team D at Team C,Team D,7,13,2,14:39,14:00,0:39
11/15/2024,2024-11-15 - Team D at Team C,Team D,44,15,2,14:39,14:00,0:39
11/15/2024,2024-11-15 - Team D at Team C,Team D,49,1,1,14:36,13:49,0:47
11/15/2024,2024-11-15 - Team D at Team C,Team D,7,5,1,14:36,13:57,0:39
11/15/2024,2024-11-15 - Team D at Team C,Team D,44,5,1,14:36,13:57,0:39
11/15/2024,2024-11-15 - Team D at Team C,Team D,7,26,3,14:34,13:41,0:53
11/15/2024,2024-11-15 - Team D at Team C,Team D,4,26,3,14:34,13:41,0:53
11/15/2024,2024-11-15 - Team D at Team C,Team D,18,21,3,14:34,14:07,0:27
11/15/2024,2024-11-15 - Team D at Team C,Team D,27,23,3,14:26,13:41,0:45
11/15/2024,2024-11-15 - Team D at Team C,Team D,20,1,1,14:25,13:34,0:51
11/15/2024,2024-11-15 - Team D at Team C,Team D,37,2,1,14:25,13:44,0:41
11/15/2024,2024-11-15 - Team D at Team C,Team C,46,2,1,14:24,13:30,0:54
11/15/2024,2024-11-15 - Team D at Team C,Team C,14,4,1,14:24,13:30,0:54
11/15/2024,2024-11-15 - Team D at Team C,Team C,89,3,1,14:24,13:43,0:41
11/15/2024,2024-11-15 - Team D at Team C,Team C,92,3,1,14:24,13:44,0:40
11/15/2024,2024-11-15 - Team D at Team C,Team C,41,12,2,14:08,13:39,0:29
11/15/2024,2024-11-15 - Team D at Team C,Team D,28,19,3,14:07,13:15,0:52
11/15/2024,2024-11-15 - Team D at Team C,Team D,23,12,2,14:00,13:39,0:21
11/15/2024,2024-11-15 - Team D at Team C,Team D,2,11,2,14:00,13:39,0:21
11/15/2024,2024-11-15 - Team D at Team C,Team D,4,4,1,13:57,13:30,0:27
11/15/2024,2024-11-15 - Team D at Team C,Team D,47,5,1,13:57,13:30,0:27
11/15/2024,2024-11-15 - Team D at Team C,Team C,62,24,3,13:56,12:56,1:00
11/15/2024,2024-11-15 - Team D at Team C,Team D,27,13,2,13:55,13:39,0:16
11/15/2024,2024-11-15 - Team D at Team C,Team D,45,12,2,13:55,13:39,0:16
11/15/2024,2024-11-15 - Team D at Team C,Team D,25,11,2,13:55,13:39,0:16
11/15/2024,2024-11-15 - Team D at Team C,Team C,84,10,2,13:54,13:39,0:15
11/15/2024,2024-11-15 - Team D at Team C,Team C,28,10,2,13:54,13:39,0:15
11/15/2024,2024-11-15 - Team D at Team C,Team C,55,13,2,13:54,13:39,0:15
11/15/2024,2024-11-15 - Team D at Team C,Team C,70,9,2,13:51,13:39,0:12
11/15/2024,2024-11-15 - Team D at Team C,Team D,18,4,1,13:49,13:30,0:19
11/15/2024,2024-11-15 - Team D at Team C,Team C,89,15,3,13:47,12:44,1:03
11/15/2024,2024-11-15 - Team D at Team C,Team C,28,3,1,13:44,13:30,0:14
11/15/2024,2024-11-15 - Team D at Team C,Team D,14,2,1,13:44,13:30,0:14
11/15/2024,2024-11-15 - Team D at Team C,Team C,70,4,1,13:43,13:30,0:13
11/15/2024,2024-11-15 - Team D at Team C,Team C,84,3,1,13:42,13:30,0:12
11/15/2024,2024-11-15 - Team D at Team C,Team C,14,26,3,13:41,12:44,0:57
11/15/2024,2024-11-15 - Team D at Team C,Team C,92,14,3,13:41,12:56,0:45
11/15/2024,2024-11-15 - Team D at Team C,Team C,84,21,3,13:41,12:56,0:45
11/15/2024,2024-11-15 - Team D at Team C,Team D,37,14,3,13:41,12:57,0:44
11/15/2024,2024-11-15 - Team D at Team C,Team D,47,25,3,13:41,12:57,0:44
11/15/2024,2024-11-15 - Team D at Team C,Team D,2,24,3,13:41,12:57,0:44
11/15/2024,2024-11-15 - Team D at Team C,Team D,27,14,2,13:39,13:11,0:28
11/15/2024,2024-11-15 - Team D at Team C,Team D,45,13,2,13:39,13:11,0:28
11/15/2024,2024-11-15 - Team D at Team C,Team D,25,12,2,13:39,13:11,0:28
11/15/2024,2024-11-15 - Team D at Team C,Team D,2,12,2,13:39,13:11,0:28
11/15/2024,2024-11-15 - Team D at Team C,Team C,84,11,2,13:39,13:11,0:28
11/15/2024,2024-11-15 - Team D at Team C,Team C,70,10,2,13:39,13:11,0:28
11/15/2024,2024-11-15 - Team D at Team C,Team C,28,11,2,13:39,13:11,0:28
11/15/2024,2024-11-15 - Team D at Team C,Team C,55,14,2,13:39,13:11,0:28
11/15/2024,2024-11-15 - Team D at Team C,Team C,41,13,2,13:39,13:11,0:28
11/15/2024,2024-11-15 - Team D at Team C,Team D,23,13,2,13:39,13:26,0:13
11/15/2024,2024-11-15 - Team D at Team C,Team D,41,3,1,13:34,13:30,0:04
11/15/2024,2024-11-15 - Team D at Team C,Team D,41,4,1,13:30,12:46,0:44
11/15/2024,2024-11-15 - Team D at Team C,Team D,4,5,1,13:30,12:46,0:44
11/15/2024,2024-11-15 - Team D at Team C,Team D,18,5,1,13:30,12:46,0:44
11/15/2024,2024-11-15 - Team D at Team C,Team D,14,3,1,13:30,12:51,0:39
11/15/2024,2024-11-15 - Team D at Team C,Team C,28,4,1,13:30,12:51,0:39
11/15/2024,2024-11-15 - Team D at Team C,Team C,41,2,1,13:30,12:51,0:39
11/15/2024,2024-11-15 - Team D at Team C,Team C,55,5,1,13:30,12:51,0:39
11/15/2024,2024-11-15 - Team D at Team C,Team C,70,5,1,13:30,12:53,0:37
11/15/2024,2024-11-15 - Team D at Team C,Team C,84,4,1,13:30,12:53,0:37
11/15/2024,2024-11-15 - Team D at Team C,Team D,47,6,1,13:30,13:02,0:28
11/15/2024,2024-11-15 - Team D at Team C,Team D,47,14,2,13:26,13:11,0:15
11/15/2024,2024-11-15 - Team D at Team C,Team D,41,21,3,13:15,12:44,0:31
11/15/2024,2024-11-15 - Team D at Team C,Team C,92,8,2,13:11,11:53,1:18
11/15/2024,2024-11-15 - Team D at Team C,Team C,89,9,2,13:11,11:56,1:15
11/15/2024,2024-11-15 - Team D at Team C,Team C,67,10,2,13:11,11:59,1:12
11/15/2024,2024-11-15 - Team D at Team C,Team C,38,14,2,13:11,11:59,1:12
11/15/2024,2024-11-15 - Team D at Team C,Team C,48,8,2,13:11,11:59,1:12
11/15/2024,2024-11-15 - Team D at Team C,Team D,41,11,2,13:11,12:01,1:10
11/15/2024,2024-11-15 - Team D at Team C,Team D,14,9,2,13:11,12:09,1:02
11/15/2024,2024-11-15 - Team D at Team C,Team D,18,12,2,13:11,12:09,1:02
11/15/2024,2024-11-15 - Team D at Team C,Team D,44,16,2,13:11,12:21,0:50
11/15/2024,2024-11-15 - Team D at Team C,Team D,7,14,2,13:11,12:39,0:32
11/15/2024,2024-11-15 - Team D at Team C,Team D,2,4,1,13:02,12:36,0:26
11/15/2024,2024-11-15 - Team D at Team C,Team D,44,29,3,13:00,12:54,0:06
11/15/2024,2024-11-15 - Team D at Team C,Team D,45,22,3,12:57,12:44,0:13
11/15/2024,2024-11-15 - Team D at Team C,Team D,7,27,3,12:57,12:44,0:13
11/15/2024,2024-11-15 - Team D at Team C,Team D,4,27,3,12:57,12:44,0:13
11/15/2024,2024-11-15 - Team D at Team C,Team C,28,21,3,12:56,12:44,0:12
11/15/2024,2024-11-15 - Team D at Team C,Team C,63,16,3,12:56,12:44,0:12
11/15/2024,2024-11-15 - Team D at Team C,Team C,41,25,3,12:56,12:44,0:12
11/15/2024,2024-11-15 - Team D at Team C,Team D,25,20,3,12:54,12:44,0:10
11/15/2024,2024-11-15 - Team D at Team C,Team C,62,5,1,12:53,12:36,0:17
11/15/2024,2024-11-15 - Team D at Team C,Team C,91,5,1,12:53,12:36,0:17
11/15/2024,2024-11-15 - Team D at Team C,Team C,26,5,1,12:51,12:36,0:15
11/15/2024,2024-11-15 - Team D at Team C,Team C,46,3,1,12:51,12:36,0:15
11/15/2024,2024-11-15 - Team D at Team C,Team C,14,5,1,12:51,12:36,0:15
11/15/2024,2024-11-15 - Team D at Team C,Team D,45,3,1,12:51,12:36,0:15
11/15/2024,2024-11-15 - Team D at Team C,Team D,27,4,1,12:46,12:36,0:10
11/15/2024,2024-11-15 - Team D at Team C,Team D,25,2,1,12:46,12:36,0:10
11/15/2024,2024-11-15 - Team D at Team C,Team D,23,4,1,12:46,12:36,0:10
11/15/2024,2024-11-15 - Team D at Team C,Team C,62,25,3,12:44,11:25,1:19
11/15/2024,2024-11-15 - Team D at Team C,Team C,26,23,3,12:44,11:49,0:55
11/15/2024,2024-11-15 - Team D at Team C,Team C,91,26,3,12:44,11:49,0:55
11/15/2024,2024-11-15 - Team D at Team C,Team D,18,22,3,12:44,11:53,0:51
11/15/2024,2024-11-15 - Team D at Team C,Team D,41,22,3,12:44,11:53,0:51
11/15/2024,2024-11-15 - Team D at Team C,Team C,55,27,3,12:44,11:56,0:48
11/15/2024,2024-11-15 - Team D at Team C,Team C,38,23,3,12:44,11:56,0:48
11/15/2024,2024-11-15 - Team D at Team C,Team D,2,25,3,12:44,12:02,0:42
11/15/2024,2024-11-15 - Team D at Team C,Team D,14,17,3,12:44,12:03,0:41
11/15/2024,2024-11-15 - Team D at Team C,Team D,23,22,3,12:44,12:13,0:31
11/15/2024,2024-11-15 - Team D at Team C,Team D,4,15,2,12:39,11:46,0:53
11/15/2024,2024-11-15 - Team D at Team C,Team C,14,6,1,12:36,11:43,0:53
11/15/2024,2024-11-15 - Team D at Team C,Team D,23,5,1,12:36,11:43,0:53
11/15/2024,2024-11-15 - Team D at Team C,Team C,26,6,1,12:36,11:50,0:46
11/15/2024,2024-11-15 - Team D at Team C,Team C,91,6,1,12:36,11:50,0:46
11/15/2024,2024-11-15 - Team D at Team C,Team D,27,5,1,12:36,11:50,0:46
11/15/2024,2024-11-15 - Team D at Team C,Team D,45,4,1,12:36,11:50,0:46
11/15/2024,2024-11-15 - Team D at Team C,Team D,25,3,1,12:36,11:50,0:46
11/15/2024,2024-11-15 - Team D at Team C,Team C,62,6,1,12:36,11:52,0:44
11/15/2024,2024-11-15 - Team D at Team C,Team D,2,5,1,12:36,12:08,0:28
11/15/2024,2024-11-15 - Team D at Team C,Team C,38,3,1,12:36,12:19,0:17
11/15/2024,2024-11-15 - Team D at Team C,Team D,47,15,2,12:21,11:46,0:35
11/15/2024,2024-11-15 - Team D at Team C,Team C,46,4,1,12:19,11:43,0:36
11/15/2024,2024-11-15 - Team D at Team C,Team D,44,30,3,12:13,11:34,0:39
11/15/2024,2024-11-15 - Team D at Team C,Team D,13,11,2,12:09,10:58,1:11
11/15/2024,2024-11-15 - Team D at Team C,Team D,28,11,2,12:09,11:10,0:59
11/15/2024,2024-11-15 - Team D at Team C,Team D,44,6,1,12:08,11:43,0:25
11/15/2024,2024-11-15 - Team D at Team C,Team D,45,23,3,12:03,10:53,1:10
11/15/2024,2024-11-15 - Team D at Team C,Team D,7,28,3,12:02,11:34,0:28
11/15/2024,2024-11-15 - Team D at Team C,Team D,19,11,2,12:01,11:20,0:41
11/15/2024,2024-11-15 - Team D at Team C,Team C,90,11,2,11:59,10:54,1:05
11/15/2024,2024-11-15 - Team D at Team C,Team C,14,16,2,11:59,11:07,0:52
11/15/2024,2024-11-15 - Team D at Team C,Team C,46,12,2,11:59,11:07,0:52
11/15/2024,2024-11-15 - Team D at Team C,Team C,41,26,3,11:56,10:53,1:03
11/15/2024,2024-11-15 - Team D at Team C,Team C,14,27,3,11:56,10:53,1:03
11/15/2024,2024-11-15 - Team D at Team C,Team C,12,9,2,11:56,11:02,0:54
11/15/2024,2024-11-15 - Team D at Team C,Team D,27,24,3,11:53,10:53,1:00
11/15/2024,2024-11-15 - Team D at Team C,Team D,25,21,3,11:53,10:53,1:00
11/15/2024,2024-11-15 - Team D at Team C,Team C,63,10,2,11:53,11:07,0:46
11/15/2024,2024-11-15 - Team D at Team C,Team C,67,3,1,11:52,11:43,0:09
11/15/2024,2024-11-15 - Team D at Team C,Team C,89,4,1,11:50,11:43,0:07
11/15/2024,2024-11-15 - Team D at Team C,Team C,92,4,1,11:50,11:43,0:07
11/15/2024,2024-11-15 - Team D at Team C,Team D,28,4,1,11:50,11:43,0:07
11/15/2024,2024-11-15 - Team D at Team C,Team D,13,4,1,11:50,11:43,0:07
11/15/2024,2024-11-15 - Team D at Team C,Team D,19,4,1,11:50,11:43,0:07
11/15/2024,2024-11-15 - Team D at Team C,Team C,70,21,3,11:49,10:53,0:56
11/15/2024,2024-11-15 - Team D at Team C,Team C,28,22,3,11:49,10:53,0:56
11/15/2024,2024-11-15 - Team D at Team C,Team D,2,13,2,11:46,10:30,1:16
11/15/2024,2024-11-15 - Team D at Team C,Team D,23,14,2,11:46,10:30,1:16
11/15/2024,2024-11-15 - Team D at Team C,Team D,44,7,1,11:43,10:26,1:17
11/15/2024,2024-11-15 - Team D at Team C,Team D,13,5,1,11:43,10:37,1:06
11/15/2024,2024-11-15 - Team D at Team C,Team D,19,5,1,11:43,10:37,1:06
11/15/2024,2024-11-15 - Team D at Team C,Team D,45,5,1,11:43,10:47,0:56
11/15/2024,2024-11-15 - Team D at Team C,Team D,25,4,1,11:43,10:47,0:56
11/15/2024,2024-11-15 - Team D at Team C,Team C,12,3,1,11:43,10:55,0:48
11/15/2024,2024-11-15 - Team D at Team C,Team C,63,3,1,11:43,10:55,0:48
11/15/2024,2024-11-15 - Team D at Team C,Team C,41,3,1,11:43,10:55,0:48
11/15/2024,2024-11-15 - Team D at Team C,Team C,46,5,1,11:43,10:55,0:48
11/15/2024,2024-11-15 - Team D at Team C,Team D,4,28,3,11:34,10:53,0:41
11/15/2024,2024-11-15 - Team D at Team C,Team D,47,26,3,11:34,10:53,0:41
11/15/2024,2024-11-15 - Team D at Team C,Team C,84,22,3,11:25,10:53,0:32
11/15/2024,2024-11-15 - Team D at Team C,Team D,25,13,2,11:20,10:30,0:50
11/15/2024,2024-11-15 - Team D at Team C,Team D,27,15,2,11:10,10:30,0:40
11/15/2024,2024-11-15 - Team D at Team C,Team C,26,12,2,11:07,10:30,0:37
11/15/2024,2024-11-15 - Team D at Team C,Team C,55,15,2,11:07,10:30,0:37
11/15/2024,2024-11-15 - Team D at Team C,Team C,41,14,2,11:07,10:30,0:37
11/15/2024,2024-11-15 - Team D at Team C,Team C,91,14,2,11:02,10:30,0:32
11/15/2024,2024-11-15 - Team D at Team C,Team D,45,14,2,10:58,10:30,0:28
11/15/2024,2024-11-15 - Team D at Team C,Team C,14,7,1,10:55,9:38,1:17
11/15/2024,2024-11-15 - Team D at Team C,Team C,38,4,1,10:55,9:38,1:17
11/15/2024,2024-11-15 - Team D at Team C,Team C,90,3,1,10:55,9:51,1:04
11/15/2024,2024-11-15 - Team D at Team C,Team C,67,4,1,10:55,10:10,0:45
11/15/2024,2024-11-15 - Team D at Team C,Team C,62,13,2,10:54,10:30,0:24
11/15/2024,2024-11-15 - Team D at Team C,Team C,46,21,3,10:53,9:59,0:54
11/15/2024,2024-11-15 - Team D at Team C,Team C,38,24,3,10:53,9:59,0:54
11/15/2024,2024-11-15 - Team D at Team C,Team D,19,19,3,10:53,10:01,0:52
11/15/2024,2024-11-15 - Team D at Team C,Team D,28,20,3,10:53,10:01,0:52
11/15/2024,2024-11-15 - Team D at Team C,Team D,13,19,3,10:53,10:01,0:52
11/15/2024,2024-11-15 - Team D at Team C,Team C,89,16,3,10:53,10:07,0:46
11/15/2024,2024-11-15 - Team D at Team C,Team C,92,15,3,10:53,10:07,0:46
11/15/2024,2024-11-15 - Team D at Team C,Team C,67,19,3,10:53,10:10,0:43
11/15/2024,2024-11-15 - Team D at Team C,Team D,23,23,3,10:53,10:21,0:32
11/15/2024,2024-11-15 - Team D at Team C,Team D,2,26,3,10:53,10:21,0:32
11/15/2024,2024-11-15 - Team D at Team C,Team D,14,4,1,10:47,9:39,1:08
11/15/2024,2024-11-15 - Team D at Team C,Team D,27,6,1,10:47,9:46,1:01
11/15/2024,2024-11-15 - Team D at Team C,Team D,28,5,1,10:37,9:39,0:58
11/15/2024,2024-11-15 - Team D at Team C,Team D,41,5,1,10:37,9:39,0:58
11/15/2024,2024-11-15 - Team D at Team C,Team D,49,6,2,10:30,9:18,1:12
11/15/2024,2024-11-15 - Team D at Team C,Team D,37,8,2,10:30,9:18,1:12
11/15/2024,2024-11-15 - Team D at Team C,Team D,20,7,2,10:30,9:18,1:12
11/15/2024,2024-11-15 - Team D at Team C,Team C,28,12,2,10:30,9:18,1:12
11/15/2024,2024-11-15 - Team D at Team C,Team C,55,16,2,10:30,9:18,1:12
11/15/2024,2024-11-15 - Team D at Team C,Team C,70,11,2,10:30,9:25,1:05
11/15/2024,2024-11-15 - Team D at Team C,Team C,84,12,2,10:30,9:25,1:05
11/15/2024,2024-11-15 - Team D at Team C,Team C,41,15,2,10:30,9:38,0:52
11/15/2024,2024-11-15 - Team D at Team C,Team D,47,16,2,10:30,9:58,0:32
11/15/2024,2024-11-15 - Team D at Team C,Team D,44,17,2,10:30,9:58,0:32
11/15/2024,2024-11-15 - Team D at Team C,Team D,4,6,1,10:27,9:47,0:40
11/15/2024,2024-11-15 - Team D at Team C,Team D,44,31,3,10:21,9:45,0:36
11/15/2024,2024-11-15 - Team D at Team C,Team D,7,29,3,10:21,9:45,0:36
11/15/2024,2024-11-15 - Team D at Team C,Team C,84,5,1,10:10,9:38,0:32
11/15/2024,2024-11-15 - Team D at Team C,Team C,90,15,3,10:10,9:45,0:25
11/15/2024,2024-11-15 - Team D at Team C,Team C,12,16,3,10:07,9:45,0:22
11/15/2024,2024-11-15 - Team D at Team C,Team C,63,17,3,10:07,9:45,0:22
11/15/2024,2024-11-15 - Team D at Team C,Team D,49,13,3,10:01,9:45,0:16
11/15/2024,2024-11-15 - Team D at Team C,Team D,37,15,3,10:01,9:45,0:16
11/15/2024,2024-11-15 - Team D at Team C,Team D,20,13,3,10:01,9:45,0:16
11/15/2024,2024-11-15 - Team D at Team C,Team C,55,28,3,9:59,9:45,0:14
11/15/2024,2024-11-15 - Team D at Team C,Team C,41,27,3,9:59,9:45,0:14
11/15/2024,2024-11-15 - Team D at Team C,Team D,4,16,2,9:58,9:18,0:40
11/15/2024,2024-11-15 - Team D at Team C,Team D,2,14,2,9:58,9:18,0:40
11/15/2024,2024-11-15 - Team D at Team C,Team C,91,7,1,9:51,8:49,1:02
11/15/2024,2024-11-15 - Team D at Team C,Team D,47,7,1,9:47,9:15,0:32
11/15/2024,2024-11-15 - Team D at Team C,Team D,37,3,1,9:46,8:47,0:59
11/15/2024,2024-11-15 - Team D at Team C,Team D,7,6,1,9:46,9:08,0:38
11/15/2024,2024-11-15 - Team D at Team C,Team C,90,16,3,9:45,9:22,0:23
11/15/2024,2024-11-15 - Team D at Team C,Team C,63,18,3,9:45,9:22,0:23
11/15/2024,2024-11-15 - Team D at Team C,Team C,55,29,3,9:45,9:22,0:23
11/15/2024,2024-11-15 - Team D at Team C,Team C,41,28,3,9:45,9:22,0:23
11/15/2024,2024-11-15 - Team D at Team C,Team D,18,23,3,9:45,9:22,0:23
11/15/2024,2024-11-15 - Team D at Team C,Team D,14,18,3,9:45,9:22,0:23
11/15/2024,2024-11-15 - Team D at Team C,Team D,41,23,3,9:45,9:22,0:23
11/15/2024,2024-11-15 - Team D at Team C,Team D,4,29,3,9:45,9:22,0:23
11/15/2024,2024-11-15 - Team D at Team C,Team D,47,27,3,9:45,9:22,0:23
11/15/2024,2024-11-15 - Team D at Team C,Team C,12,17,3,9:45,9:29,0:16
11/15/2024,2024-11-15 - Team D at Team C,Team C,28,5,1,9:43,9:38,0:05
11/15/2024,2024-11-15 - Team D at Team C,Team D,18,6,1,9:39,8:47,0:52
11/15/2024,2024-11-15 - Team D at Team C,Team D,20,2,1,9:39,8:47,0:52
11/15/2024,2024-11-15 - Team D at Team C,Team C,41,4,1,9:38,8:37,1:01
11/15/2024,2024-11-15 - Team D at Team C,Team C,55,6,1,9:38,8:37,1:01
11/15/2024,2024-11-15 - Team D at Team C,Team C,26,7,1,9:38,8:49,0:49
11/15/2024,2024-11-15 - Team D at Team C,Team C,62,7,1,9:38,8:49,0:49
11/15/2024,2024-11-15 - Team D at Team C,Team C,38,15,2,9:38,9:18,0:20
11/15/2024,2024-11-15 - Team D at Team C,Team C,91,27,3,9:29,9:22,0:07
11/15/2024,2024-11-15 - Team D at Team C,Team C,62,14,2,9:25,9:18,0:07
11/15/2024,2024-11-15 - Team D at Team C,Team C,91,15,2,9:25,9:18,0:07
11/15/2024,2024-11-15 - Team D at Team C,Team C,62,26,3,9:22,8:52,0:30
11/15/2024,2024-11-15 - Team D at Team C,Team C,91,28,3,9:22,8:52,0:30
11/15/2024,2024-11-15 - Team D at Team C,Team C,26,24,3,9:22,8:52,0:30
11/15/2024,2024-11-15 - Team D at Team C,Team C,46,22,3,9:22,8:52,0:30
11/15/2024,2024-11-15 - Team D at Team C,Team C,14,28,3,9:22,8:52,0:30
11/15/2024,2024-11-15 - Team D at Team C,Team D,18,24,3,9:22,8:52,0:30
11/15/2024,2024-11-15 - Team D at Team C,Team D,14,19,3,9:22,8:52,0:30
11/15/2024,2024-11-15 - Team D at Team C,Team D,41,24,3,9:22,8:52,0:30
11/15/2024,2024-11-15 - Team D at Team C,Team D,44,32,3,9:22,8:52,0:30
11/15/2024,2024-11-15 - Team D at Team C,Team D,7,30,3,9:22,8:52,0:30
11/15/2024,2024-11-15 - Team D at Team C,Team D,49,7,2,9:18,8:55,0:23
11/15/2024,2024-11-15 - Team D at Team C,Team D,37,9,2,9:18,8:55,0:23
11/15/2024,2024-11-15 - Team D at Team C,Team D,20,8,2,9:18,8:55,0:23
11/15/2024,2024-11-15 - Team D at Team C,Team D,4,17,2,9:18,8:55,0:23
11/15/2024,2024-11-15 - Team D at Team C,Team D,2,15,2,9:18,8:55,0:23
11/15/2024,2024-11-15 - Team D at Team C,Team C,62,15,2,9:18,8:55,0:23
11/15/2024,2024-11-15 - Team D at Team C,Team C,91,16,2,9:18,8:55,0:23
11/15/2024,2024-11-15 - Team D at Team C,Team C,26,13,2,9:18,8:55,0:23
11/15/2024,2024-11-15 - Team D at Team C,Team C,14,17,2,9:18,8:55,0:23
11/15/2024,2024-11-15 - Team D at Team C,Team C,38,16,2,9:18,8:55,0:23
11/15/2024,2024-11-15 - Team D at Team C,Team D,2,6,1,9:15,8:24,0:51
11/15/2024,2024-11-15 - Team D at Team C,Team D,23,6,1,9:08,8:24,0:44
11/15/2024,2024-11-15 - Team D at Team C,Team D,18,13,2,8:55,8:42,0:13
11/15/2024,2024-11-15 - Team D at Team C,Team D,14,10,2,8:55,8:42,0:13
11/15/2024,2024-11-15 - Team D at Team C,Team D,41,12,2,8:55,8:42,0:13
11/15/2024,2024-11-15 - Team D at Team C,Team D,44,18,2,8:55,8:42,0:13
11/15/2024,2024-11-15 - Team D at Team C,Team D,7,15,2,8:55,8:42,0:13
11/15/2024,2024-11-15 - Team D at Team C,Team C,62,16,2,8:55,8:42,0:13
11/15/2024,2024-11-15 - Team D at Team C,Team C,91,17,2,8:55,8:42,0:13
11/15/2024,2024-11-15 - Team D at Team C,Team C,26,14,2,8:55,8:42,0:13
11/15/2024,2024-11-15 - Team D at Team C,Team C,46,13,2,8:55,8:42,0:13
11/15/2024,2024-11-15 - Team D at Team C,Team C,14,18,2,8:55,8:42,0:13
11/15/2024,2024-11-15 - Team D at Team C,Team C,84,23,3,8:52,8:29,0:23
11/15/2024,2024-11-15 - Team D at Team C,Team C,70,22,3,8:52,8:29,0:23
11/15/2024,2024-11-15 - Team D at Team C,Team C,28,23,3,8:52,8:29,0:23
11/15/2024,2024-11-15 - Team D at Team C,Team C,55,30,3,8:52,8:29,0:23
11/15/2024,2024-11-15 - Team D at Team C,Team C,38,25,3,8:52,8:29,0:23
11/15/2024,2024-11-15 - Team D at Team C,Team D,27,25,3,8:52,8:29,0:23
11/15/2024,2024-11-15 - Team D at Team C,Team D,45,24,3,8:52,8:29,0:23
11/15/2024,2024-11-15 - Team D at Team C,Team D,25,22,3,8:52,8:29,0:23
11/15/2024,2024-11-15 - Team D at Team C,Team D,4,30,3,8:52,8:29,0:23
11/15/2024,2024-11-15 - Team D at Team C,Team D,47,28,3,8:52,8:29,0:23
11/15/2024,2024-11-15 - Team D at Team C,Team C,67,5,1,8:49,8:00,0:49
11/15/2024,2024-11-15 - Team D at Team C,Team C,89,5,1,8:49,8:00,0:49
11/15/2024,2024-11-15 - Team D at Team C,Team C,92,5,1,8:49,8:07,0:42
11/15/2024,2024-11-15 - Team D at Team C,Team D,45,6,1,8:47,8:00,0:47
11/15/2024,2024-11-15 - Team D at Team C,Team D,25,5,1,8:47,8:00,0:47
11/15/2024,2024-11-15 - Team D at Team C,Team D,27,7,1,8:47,8:08,0:39
11/15/2024,2024-11-15 - Team D at Team C,Team D,18,14,2,8:42,8:38,0:04
11/15/2024,2024-11-15 - Team D at Team C,Team D,14,11,2,8:42,8:38,0:04
11/15/2024,2024-11-15 - Team D at Team C,Team D,41,13,2,8:42,8:38,0:04
11/15/2024,2024-11-15 - Team D at Team C,Team D,44,19,2,8:42,8:38,0:04
11/15/2024,2024-11-15 - Team D at Team C,Team D,7,16,2,8:42,8:38,0:04
11/15/2024,2024-11-15 - Team D at Team C,Team C,67,11,2,8:42,8:38,0:04
11/15/2024,2024-11-15 - Team D at Team C,Team C,89,10,2,8:42,8:38,0:04
11/15/2024,2024-11-15 - Team D at Team C,Team C,92,9,2,8:42,8:38,0:04
11/15/2024,2024-11-15 - Team D at Team C,Team C,48,9,2,8:42,8:38,0:04
11/15/2024,2024-11-15 - Team D at Team C,Team C,14,19,2,8:42,8:38,0:04
11/15/2024,2024-11-15 - Team D at Team C,Team D,27,16,2,8:38,7:37,1:01
11/15/2024,2024-11-15 - Team D at Team C,Team D,45,15,2,8:38,7:37,1:01
11/15/2024,2024-11-15 - Team D at Team C,Team D,25,14,2,8:38,7:37,1:01
11/15/2024,2024-11-15 - Team D at Team C,Team C,89,11,2,8:38,7:38,1:00
11/15/2024,2024-11-15 - Team D at Team C,Team C,92,10,2,8:38,7:38,1:00
11/15/2024,2024-11-15 - Team D at Team C,Team C,46,14,2,8:38,7:38,1:00
11/15/2024,2024-11-15 - Team D at Team C,Team D,47,17,2,8:38,8:03,0:35
11/15/2024,2024-11-15 - Team D at Team C,Team D,4,18,2,8:38,8:03,0:35
11/15/2024,2024-11-15 - Team D at Team C,Team C,67,12,2,8:38,8:07,0:31
11/15/2024,2024-11-15 - Team D at Team C,Team C,14,20,2,8:38,8:10,0:28
11/15/2024,2024-11-15 - Team D at Team C,Team C,48,2,1,8:37,7:29,1:08
11/15/2024,2024-11-15 - Team D at Team C,Team C,38,5,1,8:37,7:53,0:44
11/15/2024,2024-11-15 - Team D at Team C,Team C,55,31,3,8:29,7:33,0:56
11/15/2024,2024-11-15 - Team D at Team C,Team C,38,26,3,8:29,7:33,0:56
11/15/2024,2024-11-15 - Team D at Team C,Team D,45,25,3,8:29,7:35,0:54
11/15/2024,2024-11-15 - Team D at Team C,Team C,28,24,3,8:29,7:38,0:51
11/15/2024,2024-11-15 - Team D at Team C,Team D,25,23,3,8:29,7:42,0:47
11/15/2024,2024-11-15 - Team D at Team C,Team C,84,24,3,8:29,8:11,0:18
11/15/2024,2024-11-15 - Team D at Team C,Team C,70,23,3,8:29,8:11,0:18
11/15/2024,2024-11-15 - Team D at Team C,Team D,27,26,3,8:29,8:12,0:17
11/15/2024,2024-11-15 - Team D at Team C,Team D,47,29,3,8:29,8:12,0:17
11/15/2024,2024-11-15 - Team D at Team C,Team D,4,31,3,8:29,8:12,0:17
11/15/2024,2024-11-15 - Team D at Team C,Team D,7,7,1,8:24,8:00,0:24
11/15/2024,2024-11-15 - Team D at Team C,Team D,44,8,1,8:24,8:00,0:24
11/15/2024,2024-11-15 - Team D at Team C,Team D,49,14,3,8:12,7:07,1:05
11/15/2024,2024-11-15 - Team D at Team C,Team D,2,27,3,8:12,7:23,0:49
11/15/2024,2024-11-15 - Team D at Team C,Team D,23,24,3,8:12,7:28,0:44
11/15/2024,2024-11-15 - Team D at Team C,Team C,89,17,3,8:11,7:18,0:53
11/15/2024,2024-11-15 - Team D at Team C,Team C,67,20,3,8:11,7:33,0:38
11/15/2024,2024-11-15 - Team D at Team C,Team C,41,16,2,8:10,7:20,0:50
11/15/2024,2024-11-15 - Team D at Team C,Team D,28,6,1,8:08,7:05,1:03
11/15/2024,2024-11-15 - Team D at Team C,Team C,28,6,1,8:07,7:05,1:02
11/15/2024,2024-11-15 - Team D at Team C,Team C,90,12,2,8:07,7:20,0:47
11/15/2024,2024-11-15 - Team D at Team C,Team D,2,16,2,8:03,7:20,0:43
11/15/2024,2024-11-15 - Team D at Team C,Team D,23,15,2,8:03,7:31,0:32
11/15/2024,2024-11-15 - Team D at Team C,Team C,70,6,1,8:00,7:05,0:55
11/15/2024,2024-11-15 - Team D at Team C,Team D,13,6,1,8:00,7:05,0:55
11/15/2024,2024-11-15 - Team D at Team C,Team D,19,6,1,8:00,7:05,0:55
11/15/2024,2024-11-15 - Team D at Team C,Team D,4,7,1,8:00,7:05,0:55
11/15/2024,2024-11-15 - Team D at Team C,Team D,47,8,1,8:00,7:05,0:55
11/15/2024,2024-11-15 - Team D at Team C,Team C,84,6,1,8:00,7:12,0:48
11/15/2024,2024-11-15 - Team D at Team C,Team C,14,8,1,7:53,7:05,0:48
11/15/2024,2024-11-15 - Team D at Team C,Team D,20,14,3,7:42,7:07,0:35
11/15/2024,2024-11-15 - Team D at Team C,Team C,92,16,3,7:38,7:07,0:31
11/15/2024,2024-11-15 - Team D at Team C,Team C,12,10,2,7:38,7:20,0:18
11/15/2024,2024-11-15 - Team D at Team C,Team C,63,11,2,7:38,7:20,0:18
11/15/2024,2024-11-15 - Team D at Team C,Team C,55,17,2,7:38,7:20,0:18
11/15/2024,2024-11-15 - Team D at Team C,Team D,28,12,2,7:37,7:20,0:17
11/15/2024,2024-11-15 - Team D at Team C,Team D,13,12,2,7:37,7:20,0:17
11/15/2024,2024-11-15 - Team D at Team C,Team D,19,12,2,7:37,7:20,0:17
11/15/2024,2024-11-15 - Team D at Team C,Team D,37,16,3,7:35,7:07,0:28
11/15/2024,2024-11-15 - Team D at Team C,Team C,63,19,3,7:33,7:07,0:26
11/15/2024,2024-11-15 - Team D at Team C,Team C,41,29,3,7:33,7:07,0:26
11/15/2024,2024-11-15 - Team D at Team C,Team C,14,29,3,7:33,7:07,0:26
11/15/2024,2024-11-15 - Team D at Team C,Team D,7,17,2,7:31,7:20,0:11
11/15/2024,2024-11-15 - Team D at Team C,Team C,46,6,1,7:29,7:05,0:24
11/15/2024,2024-11-15 - Team D at Team C,Team D,44,33,3,7:28,7:07,0:21
11/15/2024,2024-11-15 - Team D at Team C,Team D,7,31,3,7:23,7:07,0:16
11/15/2024,2024-11-15 - Team D at Team C,Team D,28,13,2,7:20,7:04,0:16
11/15/2024,2024-11-15 - Team D at Team C,Team D,13,13,2,7:20,7:04,0:16
11/15/2024,2024-11-15 - Team D at Team C,Team D,19,13,2,7:20,7:04,0:16
11/15/2024,2024-11-15 - Team D at Team C,Team D,44,20,2,7:20,7:04,0:16
11/15/2024,2024-11-15 - Team D at Team C,Team D,7,18,2,7:20,7:04,0:16
11/15/2024,2024-11-15 - Team D at Team C,Team C,84,13,2,7:20,7:04,0:16
11/15/2024,2024-11-15 - Team D at Team C,Team C,70,12,2,7:20,7:04,0:16
11/15/2024,2024-11-15 - Team D at Team C,Team C,28,13,2,7:20,7:04,0:16
11/15/2024,2024-11-15 - Team D at Team C,Team C,55,18,2,7:20,7:04,0:16
11/15/2024,2024-11-15 - Team D at Team C,Team C,41,17,2,7:20,7:04,0:16
11/15/2024,2024-11-15 - Team D at Team C,Team C,12,18,3,7:18,7:07,0:11
11/15/2024,2024-11-15 - Team D at Team C,Team C,90,4,1,7:12,7:05,0:07
11/15/2024,2024-11-15 - Team D at Team C,Team C,62,27,3,7:07,6:51,0:16
11/15/2024,2024-11-15 - Team D at Team C,Team C,91,29,3,7:07,6:51,0:16
11/15/2024,2024-11-15 - Team D at Team C,Team C,26,25,3,7:07,6:51,0:16
11/15/2024,2024-11-15 - Team D at Team C,Team C,41,30,3,7:07,6:51,0:16
11/15/2024,2024-11-15 - Team D at Team C,Team C,14,30,3,7:07,6:51,0:16
11/15/2024,2024-11-15 - Team D at Team C,Team D,28,21,3,7:07,6:51,0:16
11/15/2024,2024-11-15 - Team D at Team C,Team D,13,20,3,7:07,6:51,0:16
11/15/2024,2024-11-15 - Team D at Team C,Team D,19,20,3,7:07,6:51,0:16
11/15/2024,2024-11-15 - Team D at Team C,Team D,44,34,3,7:07,6:51,0:16
11/15/2024,2024-11-15 - Team D at Team C,Team D,7,32,3,7:07,6:51,0:16
11/15/2024,2024-11-15 - Team D at Team C,Team D,41,6,1,7:05,5:54,1:11
11/15/2024,2024-11-15 - Team D at Team C,Team D,18,7,1,7:05,5:54,1:11
11/15/2024,2024-11-15 - Team D at Team C,Team C,90,5,1,7:05,6:03,1:02
11/15/2024,2024-11-15 - Team D at Team C,Team C,12,4,1,7:05,6:03,1:02
11/15/2024,2024-11-15 - Team D at Team C,Team C,63,4,1,7:05,6:03,1:02
11/15/2024,2024-11-15 - Team D at Team C,Team C,14,9,1,7:05,6:03,1:02
11/15/2024,2024-11-15 - Team D at Team C,Team C,46,7,1,7:05,6:03,1:02
11/15/2024,2024-11-15 - Team D at Team C,Team D,2,7,1,7:05,6:21,0:44
11/15/2024,2024-11-15 - Team D at Team C,Team D,14,5,1,7:05,6:21,0:44
11/15/2024,2024-11-15 - Team D at Team C,Team D,23,7,1,7:05,6:39,0:26
11/15/2024,2024-11-15 - Team D at Team C,Team D,28,14,2,7:04,6:21,0:43
11/15/2024,2024-11-15 - Team D at Team C,Team D,13,14,2,7:04,6:21,0:43
11/15/2024,2024-11-15 - Team D at Team C,Team D,19,14,2,7:04,6:21,0:43
11/15/2024,2024-11-15 - Team D at Team C,Team D,2,17,2,7:04,6:21,0:43
11/15/2024,2024-11-15 - Team D at Team C,Team D,23,16,2,7:04,6:21,0:43
11/15/2024,2024-11-15 - Team D at Team C,Team C,84,14,2,7:04,6:21,0:43
11/15/2024,2024-11-15 - Team D at Team C,Team C,70,13,2,7:04,6:21,0:43
11/15/2024,2024-11-15 - Team D at Team C,Team C,28,14,2,7:04,6:21,0:43
11/15/2024,2024-11-15 - Team D at Team C,Team C,55,19,2,7:04,6:21,0:43
11/15/2024,2024-11-15 - Team D at Team C,Team C,41,18,2,7:04,6:21,0:43
11/15/2024,2024-11-15 - Team D at Team C,Team C,84,25,3,6:51,6:35,0:16
11/15/2024,2024-11-15 - Team D at Team C,Team C,70,24,3,6:51,6:35,0:16
11/15/2024,2024-11-15 - Team D at Team C,Team C,28,25,3,6:51,6:35,0:16
11/15/2024,2024-11-15 - Team D at Team C,Team C,46,23,3,6:51,6:35,0:16
11/15/2024,2024-11-15 - Team D at Team C,Team C,38,27,3,6:51,6:35,0:16
11/15/2024,2024-11-15 - Team D at Team C,Team D,18,25,3,6:51,6:35,0:16
11/15/2024,2024-11-15 - Team D at Team C,Team D,14,20,3,6:51,6:35,0:16
11/15/2024,2024-11-15 - Team D at Team C,Team D,41,25,3,6:51,6:35,0:16
11/15/2024,2024-11-15 - Team D at Team C,Team D,4,32,3,6:51,6:35,0:16
11/15/2024,2024-11-15 - Team D at Team C,Team D,47,30,3,6:51,6:35,0:16
11/15/2024,2024-11-15 - Team D at Team C,Team D,44,9,1,6:39,5:31,1:08
11/15/2024,2024-11-15 - Team D at Team C,Team D,47,31,3,6:35,5:52,0:43
11/15/2024,2024-11-15 - Team D at Team C,Team D,4,33,3,6:35,6:07,0:28
11/15/2024,2024-11-15 - Team D at Team C,Team D,18,26,3,6:35,6:07,0:28
11/15/2024,2024-11-15 - Team D at Team C,Team D,14,21,3,6:35,6:07,0:28
11/15/2024,2024-11-15 - Team D at Team C,Team D,41,26,3,6:35,6:07,0:28
11/15/2024,2024-11-15 - Team D at Team C,Team C,70,25,3,6:35,6:07,0:28
11/15/2024,2024-11-15 - Team D at Team C,Team C,28,26,3,6:35,6:07,0:28
11/15/2024,2024-11-15 - Team D at Team C,Team C,84,26,3,6:35,6:07,0:28
11/15/2024,2024-11-15 - Team D at Team C,Team C,46,24,3,6:35,6:07,0:28
11/15/2024,2024-11-15 - Team D at Team C,Team C,38,28,3,6:35,6:07,0:28
11/15/2024,2024-11-15 - Team D at Team C,Team D,37,4,1,6:21,5:31,0:50
11/15/2024,2024-11-15 - Team D at Team C,Team D,7,8,1,6:21,5:31,0:50
11/15/2024,2024-11-15 - Team D at Team C,Team D,18,15,2,6:21,5:50,0:31
11/15/2024,2024-11-15 - Team D at Team C,Team D,14,12,2,6:21,5:50,0:31
11/15/2024,2024-11-15 - Team D at Team C,Team D,41,14,2,6:21,5:50,0:31
11/15/2024,2024-11-15 - Team D at Team C,Team D,4,19,2,6:21,5:50,0:31
11/15/2024,2024-11-15 - Team D at Team C,Team D,47,18,2,6:21,5:50,0:31
11/15/2024,2024-11-15 - Team D at Team C,Team C,55,20,2,6:21,5:50,0:31
11/15/2024,2024-11-15 - Team D at Team C,Team C,28,15,2,6:21,6:08,0:13
11/15/2024,2024-11-15 - Team D at Team C,Team C,84,15,2,6:21,6:08,0:13
11/15/2024,2024-11-15 - Team D at Team C,Team C,41,19,2,6:21,6:08,0:13
11/15/2024,2024-11-15 - Team D at Team C,Team C,70,14,2,6:21,6:11,0:10
11/15/2024,2024-11-15 - Team D at Team C,Team C,91,18,2,6:11,5:50,0:21
11/15/2024,2024-11-15 - Team D at Team C,Team C,62,17,2,6:08,5:50,0:18
11/15/2024,2024-11-15 - Team D at Team C,Team C,26,15,2,6:08,5:50,0:18
11/15/2024,2024-11-15 - Team D at Team C,Team C,48,10,2,6:08,5:50,0:18
11/15/2024,2024-11-15 - Team D at Team C,Team C,67,21,3,6:07,5:36,0:31
11/15/2024,2024-11-15 - Team D at Team C,Team C,89,18,3,6:07,5:36,0:31
11/15/2024,2024-11-15 - Team D at Team C,Team C,92,17,3,6:07,5:36,0:31
11/15/2024,2024-11-15 - Team D at Team C,Team C,55,32,3,6:07,5:36,0:31
11/15/2024,2024-11-15 - Team D at Team C,Team C,41,31,3,6:07,5:36,0:31
11/15/2024,2024-11-15 - Team D at Team C,Team D,27,27,3,6:07,5:36,0:31
11/15/2024,2024-11-15 - Team D at Team C,Team D,45,26,3,6:07,5:36,0:31
11/15/2024,2024-11-15 - Team D at Team C,Team D,25,24,3,6:07,5:36,0:31
11/15/2024,2024-11-15 - Team D at Team C,Team D,2,28,3,6:07,5:36,0:31
11/15/2024,2024-11-15 - Team D at Team C,Team C,62,8,1,6:03,5:31,0:32
11/15/2024,2024-11-15 - Team D at Team C,Team C,91,8,1,6:03,5:31,0:32
11/15/2024,2024-11-15 - Team D at Team C,Team C,26,8,1,6:03,5:31,0:32
11/15/2024,2024-11-15 - Team D at Team C,Team C,55,7,1,6:03,5:31,0:32
11/15/2024,2024-11-15 - Team D at Team C,Team C,41,5,1,6:03,5:31,0:32
11/15/2024,2024-11-15 - Team D at Team C,Team D,49,2,1,5:54,5:31,0:23
11/15/2024,2024-11-15 - Team D at Team C,Team D,20,3,1,5:54,5:31,0:23
11/15/2024,2024-11-15 - Team D at Team C,Team D,23,25,3,5:52,5:36,0:16
11/15/2024,2024-11-15 - Team D at Team C,Team D,27,17,2,5:50,5:21,0:29
11/15/2024,2024-11-15 - Team D at Team C,Team D,45,16,2,5:50,5:21,0:29
11/15/2024,2024-11-15 - Team D at Team C,Team D,25,15,2,5:50,5:21,0:29
11/15/2024,2024-11-15 - Team D at Team C,Team D,44,21,2,5:50,5:21,0:29
11/15/2024,2024-11-15 - Team D at Team C,Team D,7,19,2,5:50,5:21,0:29
11/15/2024,2024-11-15 - Team D at Team C,Team C,62,18,2,5:50,5:21,0:29
11/15/2024,2024-11-15 - Team D at Team C,Team C,91,19,2,5:50,5:21,0:29
11/15/2024,2024-11-15 - Team D at Team C,Team C,26,16,2,5:50,5:21,0:29
11/15/2024,2024-11-15 - Team D at Team C,Team C,48,11,2,5:50,5:21,0:29
11/15/2024,2024-11-15 - Team D at Team C,Team C,38,17,2,5:50,5:21,0:29
11/15/2024,2024-11-15 - Team D at Team C,Team C,41,32,3,5:36,4:12,1:24
11/15/2024,2024-11-15 - Team D at Team C,Team C,55,33,3,5:36,4:12,1:24
11/15/2024,2024-11-15 - Team D at Team C,Team C,89,19,3,5:36,4:46,0:50
11/15/2024,2024-11-15 - Team D at Team C,Team C,92,18,3,5:36,4:46,0:50
11/15/2024,2024-11-15 - Team D at Team C,Team D,14,22,3,5:36,4:46,0:50
11/15/2024,2024-11-15 - Team D at Team C,Team D,41,27,3,5:36,4:46,0:50
11/15/2024,2024-11-15 - Team D at Team C,Team D,18,27,3,5:36,4:46,0:50
11/15/2024,2024-11-15 - Team D at Team C,Team D,7,33,3,5:36,4:46,0:50
11/15/2024,2024-11-15 - Team D at Team C,Team D,44,35,3,5:36,4:46,0:50
11/15/2024,2024-11-15 - Team D at Team C,Team C,26,9,1,5:31,4:31,1:00
11/15/2024,2024-11-15 - Team D at Team C,Team C,62,9,1,5:31,4:31,1:00
11/15/2024,2024-11-15 - Team D at Team C,Team D,49,3,1,5:31,4:41,0:50
11/15/2024,2024-11-15 - Team D at Team C,Team C,91,9,1,5:31,4:41,0:50
11/15/2024,2024-11-15 - Team D at Team C,Team D,20,4,1,5:31,4:45,0:46
11/15/2024,2024-11-15 - Team D at Team C,Team D,47,9,1,5:31,4:45,0:46
11/15/2024,2024-11-15 - Team D at Team C,Team D,4,8,1,5:31,4:45,0:46
11/15/2024,2024-11-15 - Team D at Team C,Team C,41,6,1,5:31,4:57,0:34
11/15/2024,2024-11-15 - Team D at Team C,Team C,55,8,1,5:31,4:57,0:34
11/15/2024,2024-11-15 - Team D at Team C,Team D,37,5,1,5:31,4:58,0:33
11/15/2024,2024-11-15 - Team D at Team C,Team D,49,8,2,5:21,5:09,0:12
11/15/2024,2024-11-15 - Team D at Team C,Team D,37,10,2,5:21,5:09,0:12
11/15/2024,2024-11-15 - Team D at Team C,Team D,20,9,2,5:21,5:09,0:12
11/15/2024,2024-11-15 - Team D at Team C,Team D,4,20,2,5:21,5:09,0:12
11/15/2024,2024-11-15 - Team D at Team C,Team D,47,19,2,5:21,5:09,0:12
11/15/2024,2024-11-15 - Team D at Team C,Team C,67,13,2,5:21,5:09,0:12
11/15/2024,2024-11-15 - Team D at Team C,Team C,89,12,2,5:21,5:09,0:12
11/15/2024,2024-11-15 - Team D at Team C,Team C,92,11,2,5:21,5:09,0:12
11/15/2024,2024-11-15 - Team D at Team C,Team C,46,15,2,5:21,5:09,0:12
11/15/2024,2024-11-15 - Team D at Team C,Team C,14,21,2,5:21,5:09,0:12
11/15/2024,2024-11-15 - Team D at Team C,Team D,18,16,2,5:09,4:58,0:11
11/15/2024,2024-11-15 - Team D at Team C,Team D,14,13,2,5:09,4:58,0:11
11/15/2024,2024-11-15 - Team D at Team C,Team D,41,15,2,5:09,4:58,0:11
11/15/2024,2024-11-15 - Team D at Team C,Team D,2,18,2,5:09,4:58,0:11
11/15/2024,2024-11-15 - Team D at Team C,Team D,23,17,2,5:09,4:58,0:11
11/15/2024,2024-11-15 - Team D at Team C,Team C,90,13,2,5:09,4:58,0:11
11/15/2024,2024-11-15 - Team D at Team C,Team C,12,11,2,5:09,4:58,0:11
11/15/2024,2024-11-15 - Team D at Team C,Team C,63,12,2,5:09,4:58,0:11
11/15/2024,2024-11-15 - Team D at Team C,Team C,55,21,2,5:09,4:58,0:11
11/15/2024,2024-11-15 - Team D at Team C,Team C,41,20,2,5:09,4:58,0:11
11/15/2024,2024-11-15 - Team D at Team C,Team D,23,18,2,4:58,3:47,1:11
11/15/2024,2024-11-15 - Team D at Team C,Team D,2,19,2,4:58,3:47,1:11
11/15/2024,2024-11-15 - Team D at Team C,Team D,45,7,1,4:58,4:05,0:53
11/15/2024,2024-11-15 - Team D at Team C,Team C,12,12,2,4:58,4:16,0:42
11/15/2024,2024-11-15 - Team D at Team C,Team D,14,14,2,4:58,4:16,0:42
11/15/2024,2024-11-15 - Team D at Team C,Team D,18,17,2,4:58,4:16,0:42
11/15/2024,2024-11-15 - Team D at Team C,Team C,67,14,2,4:58,4:24,0:34
11/15/2024,2024-11-15 - Team D at Team C,Team C,63,13,2,4:58,4:24,0:34
11/15/2024,2024-11-15 - Team D at Team C,Team C,41,21,2,4:58,4:24,0:34
11/15/2024,2024-11-15 - Team D at Team C,Team C,55,22,2,4:58,4:24,0:34
11/15/2024,2024-11-15 - Team D at Team C,Team D,41,16,2,4:58,4:29,0:29
11/15/2024,2024-11-15 - Team D at Team C,Team C,38,6,1,4:57,3:40,1:17
11/15/2024,2024-11-15 - Team D at Team C,Team C,48,3,1,4:57,3:40,1:17
11/15/2024,2024-11-15 - Team D at Team C,Team D,27,28,3,4:46,3:48,0:58
11/15/2024,2024-11-15 - Team D at Team C,Team D,45,27,3,4:46,3:57,0:49
11/15/2024,2024-11-15 - Team D at Team C,Team D,25,25,3,4:46,3:57,0:49
11/15/2024,2024-11-15 - Team D at Team C,Team D,23,26,3,4:46,4:00,0:46
11/15/2024,2024-11-15 - Team D at Team C,Team C,63,20,3,4:46,4:00,0:46
11/15/2024,2024-11-15 - Team D at Team C,Team C,84,27,3,4:46,4:00,0:46
11/15/2024,2024-11-15 - Team D at Team C,Team D,2,29,3,4:46,4:05,0:41
11/15/2024,2024-11-15 - Team D at Team C,Team C,12,19,3,4:46,4:12,0:34
11/15/2024,2024-11-15 - Team D at Team C,Team D,25,6,1,4:45,3:53,0:52
11/15/2024,2024-11-15 - Team D at Team C,Team D,23,8,1,4:45,3:53,0:52
11/15/2024,2024-11-15 - Team D at Team C,Team D,2,8,1,4:45,3:53,0:52
11/15/2024,2024-11-15 - Team D at Team C,Team C,89,6,1,4:41,3:32,1:09
11/15/2024,2024-11-15 - Team D at Team C,Team D,27,8,1,4:41,3:53,0:48
11/15/2024,2024-11-15 - Team D at Team C,Team C,92,6,1,4:31,3:40,0:51
11/15/2024,2024-11-15 - Team D at Team C,Team C,67,6,1,4:31,3:40,0:51
11/15/2024,2024-11-15 - Team D at Team C,Team D,19,15,2,4:29,3:30,0:59
11/15/2024,2024-11-15 - Team D at Team C,Team C,84,16,2,4:24,3:30,0:54
11/15/2024,2024-11-15 - Team D at Team C,Team C,28,16,2,4:24,3:30,0:54
11/15/2024,2024-11-15 - Team D at Team C,Team C,48,12,2,4:24,3:30,0:54
11/15/2024,2024-11-15 - Team D at Team C,Team C,38,18,2,4:24,3:30,0:54
11/15/2024,2024-11-15 - Team D at Team C,Team D,28,15,2,4:16,3:30,0:46
11/15/2024,2024-11-15 - Team D at Team C,Team D,13,15,2,4:16,3:30,0:46
11/15/2024,2024-11-15 - Team D at Team C,Team C,70,15,2,4:16,3:30,0:46
11/15/2024,2024-11-15 - Team D at Team C,Team C,91,30,3,4:12,3:23,0:49
11/15/2024,2024-11-15 - Team D at Team C,Team C,46,25,3,4:12,3:23,0:49
11/15/2024,2024-11-15 - Team D at Team C,Team C,14,31,3,4:12,3:23,0:49
11/15/2024,2024-11-15 - Team D at Team C,Team D,13,7,1,4:05,3:05,1:00
11/15/2024,2024-11-15 - Team D at Team C,Team D,4,34,3,4:05,3:15,0:50
11/15/2024,2024-11-15 - Team D at Team C,Team C,26,26,3,4:00,3:13,0:47
11/15/2024,2024-11-15 - Team D at Team C,Team D,47,32,3,4:00,3:15,0:45
11/15/2024,2024-11-15 - Team D at Team C,Team C,62,28,3,4:00,3:23,0:37
11/15/2024,2024-11-15 - Team D at Team C,Team D,37,17,3,3:57,3:04,0:53
11/15/2024,2024-11-15 - Team D at Team C,Team D,20,15,3,3:57,3:04,0:53
11/15/2024,2024-11-15 - Team D at Team C,Team D,28,7,1,3:53,3:05,0:48
11/15/2024,2024-11-15 - Team D at Team C,Team D,19,7,1,3:53,3:16,0:37
11/15/2024,2024-11-15 - Team D at Team C,Team D,7,9,1,3:53,3:21,0:32
11/15/2024,2024-11-15 - Team D at Team C,Team D,44,10,1,3:53,3:30,0:23
11/15/2024,2024-11-15 - Team D at Team C,Team D,49,15,3,3:48,3:04,0:44
11/15/2024,2024-11-15 - Team D at Team C,Team D,44,22,2,3:47,3:30,0:17
11/15/2024,2024-11-15 - Team D at Team C,Team D,7,20,2,3:47,3:30,0:17
11/15/2024,2024-11-15 - Team D at Team C,Team C,28,7,1,3:40,2:25,1:15
11/15/2024,2024-11-15 - Team D at Team C,Team C,84,7,1,3:40,2:25,1:15
11/15/2024,2024-11-15 - Team D at Team C,Team C,14,10,1,3:40,2:59,0:41
11/15/2024,2024-11-15 - Team D at Team C,Team C,46,8,1,3:40,3:16,0:24
11/15/2024,2024-11-15 - Team D at Team C,Team C,70,7,1,3:32,2:50,0:42
11/15/2024,2024-11-15 - Team D at Team C,Team D,4,9,1,3:30,2:45,0:45
11/15/2024,2024-11-15 - Team D at Team C,Team D,27,18,2,3:30,2:46,0:44
11/15/2024,2024-11-15 - Team D at Team C,Team D,45,17,2,3:30,2:46,0:44
11/15/2024,2024-11-15 - Team D at Team C,Team D,25,16,2,3:30,2:46,0:44
11/15/2024,2024-11-15 - Team D at Team C,Team C,48,13,2,3:30,2:46,0:44
11/15/2024,2024-11-15 - Team D at Team C,Team D,7,21,2,3:30,2:53,0:37
11/15/2024,2024-11-15 - Team D at Team C,Team D,44,23,2,3:30,2:53,0:37
11/15/2024,2024-11-15 - Team D at Team C,Team C,84,17,2,3:30,2:59,0:31
11/15/2024,2024-11-15 - Team D at Team C,Team C,28,17,2,3:30,2:59,0:31
11/15/2024,2024-11-15 - Team D at Team C,Team C,70,16,2,3:30,3:01,0:29
11/15/2024,2024-11-15 - Team D at Team C,Team C,38,19,2,3:30,3:01,0:29
11/15/2024,2024-11-15 - Team D at Team C,Team C,28,27,3,3:23,2:36,0:47
11/15/2024,2024-11-15 - Team D at Team C,Team C,38,29,3,3:23,2:36,0:47
11/15/2024,2024-11-15 - Team D at Team C,Team C,70,26,3,3:23,2:42,0:41
11/15/2024,2024-11-15 - Team D at Team C,Team C,41,33,3,3:23,2:42,0:41
11/15/2024,2024-11-15 - Team D at Team C,Team D,47,10,1,3:21,2:45,0:36
11/15/2024,2024-11-15 - Team D at Team C,Team D,41,7,1,3:16,2:20,0:56
11/15/2024,2024-11-15 - Team D at Team C,Team C,55,9,1,3:16,2:25,0:51
11/15/2024,2024-11-15 - Team D at Team C,Team D,44,36,3,3:15,2:36,0:39
11/15/2024,2024-11-15 - Team D at Team C,Team D,7,34,3,3:15,2:36,0:39
11/15/2024,2024-11-15 - Team D at Team C,Team C,84,28,3,3:13,2:42,0:31
11/15/2024,2024-11-15 - Team D at Team C,Team D,18,8,1,3:05,2:20,0:45
11/15/2024,2024-11-15 - Team D at Team C,Team D,14,6,1,3:05,2:20,0:45
11/15/2024,2024-11-15 - Team D at Team C,Team D,28,22,3,3:04,2:36,0:28
11/15/2024,2024-11-15 - Team D at Team C,Team D,13,21,3,3:04,2:36,0:28
11/15/2024,2024-11-15 - Team D at Team C,Team D,19,21,3,3:04,2:36,0:28
11/15/2024,2024-11-15 - Team D at Team C,Team C,91,20,2,3:01,2:46,0:15
11/15/2024,2024-11-15 - Team D at Team C,Team C,46,16,2,3:01,2:46,0:15
11/15/2024,2024-11-15 - Team D at Team C,Team C,41,7,1,2:59,2:25,0:34
11/15/2024,2024-11-15 - Team D at Team C,Team C,62,19,2,2:59,2:46,0:13
11/15/2024,2024-11-15 - Team D at Team C,Team C,26,17,2,2:59,2:46,0:13
11/15/2024,2024-11-15 - Team D at Team C,Team D,4,21,2,2:53,2:46,0:07
11/15/2024,2024-11-15 - Team D at Team C,Team D,47,20,2,2:53,2:46,0:07
11/15/2024,2024-11-15 - Team D at Team C,Team C,12,5,1,2:50,1:41,1:09
11/15/2024,2024-11-15 - Team D at Team C,Team D,13,16,2,2:46,1:38,1:08
11/15/2024,2024-11-15 - Team D at Team C,Team D,19,16,2,2:46,1:38,1:08
11/15/2024,2024-11-15 - Team D at Team C,Team D,44,24,2,2:46,1:38,1:08
11/15/2024,2024-11-15 - Team D at Team C,Team C,14,22,2,2:46,1:50,0:56
11/15/2024,2024-11-15 - Team D at Team C,Team C,46,17,2,2:46,1:50,0:56
11/15/2024,2024-11-15 - Team D at Team C,Team D,25,17,2,2:46,1:51,0:55
11/15/2024,2024-11-15 - Team D at Team C,Team D,45,18,2,2:46,1:51,0:55
11/15/2024,2024-11-15 - Team D at Team C,Team C,67,15,2,2:46,2:23,0:23
11/15/2024,2024-11-15 - Team D at Team C,Team C,63,14,2,2:46,2:23,0:23
11/15/2024,2024-11-15 - Team D at Team C,Team D,23,9,1,2:45,2:06,0:39
11/15/2024,2024-11-15 - Team D at Team C,Team D,2,9,1,2:45,2:06,0:39
11/15/2024,2024-11-15 - Team D at Team C,Team C,89,20,3,2:42,2:36,0:06
11/15/2024,2024-11-15 - Team D at Team C,Team C,14,32,3,2:42,2:36,0:06
11/15/2024,2024-11-15 - Team D at Team C,Team C,89,21,3,2:36,2:10,0:26
11/15/2024,2024-11-15 - Team D at Team C,Team C,92,19,3,2:36,2:10,0:26
11/15/2024,2024-11-15 - Team D at Team C,Team C,46,26,3,2:36,2:10,0:26
11/15/2024,2024-11-15 - Team D at Team C,Team C,14,33,3,2:36,2:10,0:26
11/15/2024,2024-11-15 - Team D at Team C,Team D,27,29,3,2:36,2:10,0:26
11/15/2024,2024-11-15 - Team D at Team C,Team D,45,28,3,2:36,2:10,0:26
11/15/2024,2024-11-15 - Team D at Team C,Team D,25,26,3,2:36,2:10,0:26
11/15/2024,2024-11-15 - Team D at Team C,Team D,4,35,3,2:36,2:10,0:26
11/15/2024,2024-11-15 - Team D at Team C,Team D,47,33,3,2:36,2:10,0:26
11/15/2024,2024-11-15 - Team D at Team C,Team D,13,22,3,2:30,2:10,0:20
11/15/2024,2024-11-15 - Team D at Team C,Team C,90,6,1,2:25,1:41,0:44
11/15/2024,2024-11-15 - Team D at Team C,Team C,63,5,1,2:25,1:41,0:44
11/15/2024,2024-11-15 - Team D at Team C,Team C,48,4,1,2:25,1:41,0:44
11/15/2024,2024-11-15 - Team D at Team C,Team C,38,7,1,2:25,1:41,0:44
11/15/2024,2024-11-15 - Team D at Team C,Team C,12,13,2,2:23,1:47,0:36
11/15/2024,2024-11-15 - Team D at Team C,Team C,84,18,2,2:23,1:50,0:33
11/15/2024,2024-11-15 - Team D at Team C,Team D,27,9,1,2:20,1:41,0:39
11/15/2024,2024-11-15 - Team D at Team C,Team D,45,8,1,2:20,1:41,0:39
11/15/2024,2024-11-15 - Team D at Team C,Team D,25,7,1,2:20,1:41,0:39
11/15/2024,2024-11-15 - Team D at Team C,Team D,44,37,3,2:10,1:10,1:00
11/15/2024,2024-11-15 - Team D at Team C,Team D,41,28,3,2:10,1:21,0:49
11/15/2024,2024-11-15 - Team D at Team C,Team D,14,23,3,2:10,1:21,0:49
11/15/2024,2024-11-15 - Team D at Team C,Team D,18,28,3,2:10,1:21,0:49
11/15/2024,2024-11-15 - Team D at Team C,Team C,62,29,3,2:10,1:21,0:49
11/15/2024,2024-11-15 - Team D at Team C,Team C,46,27,3,2:10,1:21,0:49
11/15/2024,2024-11-15 - Team D at Team C,Team C,14,34,3,2:10,1:21,0:49
11/15/2024,2024-11-15 - Team D at Team C,Team D,7,35,3,2:10,1:34,0:36
11/15/2024,2024-11-15 - Team D at Team C,Team C,70,27,3,2:10,1:51,0:19
11/15/2024,2024-11-15 - Team D at Team C,Team C,28,28,3,2:10,1:51,0:19
11/15/2024,2024-11-15 - Team D at Team C,Team D,Go,4,3,2:10,2:03,0:07
11/15/2024,2024-11-15 - Team D at Team C,Team D,44,11,1,2:06,1:41,0:25
11/15/2024,2024-11-15 - Team D at Team C,Team D,7,10,1,2:06,1:41,0:25
11/15/2024,2024-11-15 - Team D at Team C,Team D,28,23,3,2:03,0:58,1:05
11/15/2024,2024-11-15 - Team D at Team C,Team D,27,19,2,1:51,0:53,0:58
11/15/2024,2024-11-15 - Team D at Team C,Team D,18,18,2,1:51,0:53,0:58
11/15/2024,2024-11-15 - Team D at Team C,Team C,26,27,3,1:51,1:14,0:37
11/15/2024,2024-11-15 - Team D at Team C,Team C,91,31,3,1:51,1:21,0:30
11/15/2024,2024-11-15 - Team D at Team C,Team C,41,22,2,1:50,0:51,0:59
11/15/2024,2024-11-15 - Team D at Team C,Team C,55,23,2,1:50,0:51,0:59
11/15/2024,2024-11-15 - Team D at Team C,Team C,70,17,2,1:50,1:14,0:36
11/15/2024,2024-11-15 - Team D at Team C,Team C,91,21,2,1:47,1:14,0:33
11/15/2024,2024-11-15 - Team D at Team C,Team C,84,8,1,1:41,1:13,0:28
11/15/2024,2024-11-15 - Team D at Team C,Team C,67,7,1,1:41,1:13,0:28
11/15/2024,2024-11-15 - Team D at Team C,Team C,14,11,1,1:41,1:13,0:28
11/15/2024,2024-11-15 - Team D at Team C,Team C,46,9,1,1:41,1:13,0:28
11/15/2024,2024-11-15 - Team D at Team C,Team D,27,10,1,1:41,1:13,0:28
11/15/2024,2024-11-15 - Team D at Team C,Team D,28,8,1,1:41,1:13,0:28
11/15/2024,2024-11-15 - Team D at Team C,Team D,18,9,1,1:41,1:13,0:28
11/15/2024,2024-11-15 - Team D at Team C,Team D,41,8,1,1:41,1:13,0:28
11/15/2024,2024-11-15 - Team D at Team C,Team D,4,10,1,1:41,1:13,0:28
11/15/2024,2024-11-15 - Team D at Team C,Team D,47,21,2,1:38,0:40,0:58
11/15/2024,2024-11-15 - Team D at Team C,Team D,28,16,2,1:38,0:53,0:45
11/15/2024,2024-11-15 - Team D at Team C,Team D,41,17,2,1:38,0:53,0:45
11/15/2024,2024-11-15 - Team D at Team C,Team D,4,36,3,1:34,0:58,0:36
11/15/2024,2024-11-15 - Team D at Team C,Team C,84,29,3,1:21,0:58,0:23
11/15/2024,2024-11-15 - Team D at Team C,Team C,70,28,3,1:21,0:58,0:23
11/15/2024,2024-11-15 - Team D at Team C,Team C,41,34,3,1:21,0:58,0:23
11/15/2024,2024-11-15 - Team D at Team C,Team C,38,30,3,1:21,0:58,0:23
11/15/2024,2024-11-15 - Team D at Team C,Team D,27,30,3,1:21,0:58,0:23
11/15/2024,2024-11-15 - Team D at Team C,Team D,45,29,3,1:21,0:58,0:23
11/15/2024,2024-11-15 - Team D at Team C,Team D,25,27,3,1:21,0:58,0:23
11/15/2024,2024-11-15 - Team D at Team C,Team C,67,16,2,1:14,0:29,0:45
11/15/2024,2024-11-15 - Team D at Team C,Team C,89,13,2,1:14,0:29,0:45
11/15/2024,2024-11-15 - Team D at Team C,Team C,28,29,3,1:14,0:58,0:16
11/15/2024,2024-11-15 - Team D at Team C,Team C,41,8,1,1:13,0:00,1:13
11/15/2024,2024-11-15 - Team D at Team C,Team C,38,8,1,1:13,0:00,1:13
11/15/2024,2024-11-15 - Team D at Team C,Team D,45,9,1,1:13,0:00,1:13
11/15/2024,2024-11-15 - Team D at Team C,Team D,25,8,1,1:13,0:00,1:13
11/15/2024,2024-11-15 - Team D at Team C,Team D,19,8,1,1:13,0:00,1:13
11/15/2024,2024-11-15 - Team D at Team C,Team D,13,8,1,1:13,0:00,1:13
11/15/2024,2024-11-15 - Team D at Team C,Team D,44,12,1,1:13,0:00,1:13
11/15/2024,2024-11-15 - Team D at Team C,Team C,90,7,1,1:13,0:30,0:43
11/15/2024,2024-11-15 - Team D at Team C,Team C,67,8,1,1:13,0:34,0:39
11/15/2024,2024-11-15 - Team D at Team C,Team D,47,34,3,1:10,0:58,0:12
11/15/2024,2024-11-15 - Team D at Team C,Team C,84,30,3,0:58,0:35,0:23
11/15/2024,2024-11-15 - Team D at Team C,Team C,70,29,3,0:58,0:35,0:23
11/15/2024,2024-11-15 - Team D at Team C,Team C,28,30,3,0:58,0:35,0:23
11/15/2024,2024-11-15 - Team D at Team C,Team C,41,35,3,0:58,0:35,0:23
11/15/2024,2024-11-15 - Team D at Team C,Team C,38,31,3,0:58,0:35,0:23
11/15/2024,2024-11-15 - Team D at Team C,Team D,27,31,3,0:58,0:35,0:23
11/15/2024,2024-11-15 - Team D at Team C,Team D,45,30,3,0:58,0:35,0:23
11/15/2024,2024-11-15 - Team D at Team C,Team D,13,23,3,0:58,0:35,0:23
11/15/2024,2024-11-15 - Team D at Team C,Team D,25,28,3,0:58,0:35,0:23
11/15/2024,2024-11-15 - Team D at Team C,Team D,19,22,3,0:58,0:35,0:23
11/15/2024,2024-11-15 - Team D at Team C,Team D,44,38,3,0:58,0:35,0:23
11/15/2024,2024-11-15 - Team D at Team C,Team D,49,9,2,0:53,0:00,0:53
11/15/2024,2024-11-15 - Team D at Team C,Team D,37,11,2,0:53,0:00,0:53
11/15/2024,2024-11-15 - Team D at Team C,Team D,20,10,2,0:53,0:00,0:53
11/15/2024,2024-11-15 - Team D at Team C,Team D,4,22,2,0:53,0:00,0:53
11/15/2024,2024-11-15 - Team D at Team C,Team C,48,14,2,0:51,0:00,0:51
11/15/2024,2024-11-15 - Team D at Team C,Team C,38,20,2,0:51,0:00,0:51
11/15/2024,2024-11-15 - Team D at Team C,Team C,62,20,2,0:46,0:00,0:46
11/15/2024,2024-11-15 - Team D at Team C,Team D,7,22,2,0:40,0:00,0:40
11/15/2024,2024-11-15 - Team D at Team C,Team C,84,31,3,0:35,0:31,0:04
11/15/2024,2024-11-15 - Team D at Team C,Team C,70,30,3,0:35,0:31,0:04
11/15/2024,2024-11-15 - Team D at Team C,Team C,28,31,3,0:35,0:31,0:04
11/15/2024,2024-11-15 - Team D at Team C,Team C,41,36,3,0:35,0:31,0:04
11/15/2024,2024-11-15 - Team D at Team C,Team C,38,32,3,0:35,0:31,0:04
11/15/2024,2024-11-15 - Team D at Team C,Team D,18,29,3,0:35,0:31,0:04
11/15/2024,2024-11-15 - Team D at Team C,Team D,14,24,3,0:35,0:31,0:04
11/15/2024,2024-11-15 - Team D at Team C,Team D,41,29,3,0:35,0:31,0:04
11/15/2024,2024-11-15 - Team D at Team C,Team D,20,16,3,0:35,0:31,0:04
11/15/2024,2024-11-15 - Team D at Team C,Team D,44,39,3,0:35,0:31,0:04
11/15/2024,2024-11-15 - Team D at Team C,Team D,47,35,3,0:35,0:31,0:04
11/15/2024,2024-11-15 - Team D at Team C,Team C,63,6,1,0:34,0:00,0:34
11/15/2024,2024-11-15 - Team D at Team C,Team C,89,22,3,0:31,0:27,0:04
11/15/2024,2024-11-15 - Team D at Team C,Team C,12,20,3,0:31,0:27,0:04
11/15/2024,2024-11-15 - Team D at Team C,Team C,14,35,3,0:31,0:27,0:04
11/15/2024,2024-11-15 - Team D at Team C,Team C,46,28,3,0:31,0:27,0:04
11/15/2024,2024-11-15 - Team D at Team C,Team D,18,30,3,0:31,0:27,0:04
11/15/2024,2024-11-15 - Team D at Team C,Team D,14,25,3,0:31,0:27,0:04
11/15/2024,2024-11-15 - Team D at Team C,Team D,41,30,3,0:31,0:27,0:04
11/15/2024,2024-11-15 - Team D at Team C,Team D,20,17,3,0:31,0:27,0:04
11/15/2024,2024-11-15 - Team D at Team C,Team D,44,40,3,0:31,0:27,0:04
11/15/2024,2024-11-15 - Team D at Team C,Team D,47,36,3,0:31,0:27,0:04
11/15/2024,2024-11-15 - Team D at Team C,Team C,12,6,1,0:30,0:00,0:30
11/15/2024,2024-11-15 - Team D at Team C,Team C,91,22,2,0:29,0:00,0:29
11/15/2024,2024-11-15 - Team D at Team C,Team C,26,18,2,0:29,0:00,0:29
11/15/2024,2024-11-15 - Team D at Team C,Team C,89,23,3,0:27,0:10,0:17
11/15/2024,2024-11-15 - Team D at Team C,Team C,12,21,3,0:27,0:10,0:17
11/15/2024,2024-11-15 - Team D at Team C,Team C,14,36,3,0:27,0:10,0:17
11/15/2024,2024-11-15 - Team D at Team C,Team C,46,29,3,0:27,0:10,0:17
11/15/2024,2024-11-15 - Team D at Team C,Team D,18,31,3,0:27,0:10,0:17
11/15/2024,2024-11-15 - Team D at Team C,Team D,14,26,3,0:27,0:10,0:17
11/15/2024,2024-11-15 - Team D at Team C,Team D,41,31,3,0:27,0:10,0:17
11/15/2024,2024-11-15 - Team D at Team C,Team D,20,18,3,0:27,0:10,0:17
11/15/2024,2024-11-15 - Team D at Team C,Team D,44,41,3,0:27,0:10,0:17
11/15/2024,2024-11-15 - Team D at Team C,Team D,47,37,3,0:27,0:10,0:17
11/15/2024,2024-11-15 - Team D at Team C,Team C,62,30,3,0:10,0:00,0:10
11/15/2024,2024-11-15 - Team D at Team C,Team C,91,32,3,0:10,0:00,0:10
11/15/2024,2024-11-15 - Team D at Team C,Team C,26,28,3,0:10,0:00,0:10
11/15/2024,2024-11-15 - Team D at Team C,Team C,41,37,3,0:10,0:00,0:10
11/15/2024,2024-11-15 - Team D at Team C,Team C,14,37,3,0:10,0:00,0:10
11/15/2024,2024-11-15 - Team D at Team C,Team D,45,31,3,0:10,0:00,0:10
11/15/2024,2024-11-15 - Team D at Team C,Team D,41,32,3,0:10,0:00,0:10
11/15/2024,2024-11-15 - Team D at Team C,Team D,7,36,3,0:10,0:00,0:10
11/15/2024,2024-11-15 - Team D at Team C,Team D,4,37,3,0:10,0:00,0:10
11/15/2024,2024-11-15 - Team D at Team C,Team D,Go,5,3,0:10,0:00,0:10
11/15/2024,2024-11-15 - Team D at Team C,Team C,67,22,3,5:36,4:46,0:50
11/15/2024,2024-11-15 - Team D at Team C,Team C,67,23,3,2:42,2:36,0:06
11/15/2024,2024-11-15 - Team D at Team C,Team C,67,24,3,2:36,2:10,0:26
11/15/2024,2024-11-15 - Team D at Team C,Team C,67,25,3,0:31,0:27,0:04
11/15/2024,2024-11-15 - Team D at Team C,Team C,67,26,3,0:27,0:10,0:17
